Dimensions;Index;product-min;lukasiewicz-min;lukasiewicz-product
3;0;6.59;7.23;2.36
3;1;4.61;5.46;3.97
3;2;8.7;7.95;3.89
3;3;5.95;6.24;3.93
3;4;5.28;5.26;2.82
3;5;6.45;6.74;2.75
3;6;5.03;6.5;3.93
3;7;4.86;5.34;3.1
3;8;5.8;6.33;3.79
3;9;5.43;4.85;3.12
3;10;3.98;5.02;3.1
3;11;5.57;6.24;3.07
3;12;7.33;6.88;3.35
3;13;2.98;4.31;3.71
3;14;5.2;5.83;3.87
3;15;6.16;6.16;2.66
3;16;5.62;6.76;3.34
3;17;6.97;7.57;2.66
3;18;6.48;7.27;3.73
3;19;6.72;6.8;3.92
3;20;8.39;6.92;3.99
3;21;8.54;7.8;2.1
3;22;5.99;6.79;4.7
3;23;6.43;5.89;2.62
3;24;5.9;6.36;3.32
3;25;6.72;5.91;4.61
3;26;6.11;4.98;4.23
3;27;5.04;5.06;2.68
3;28;4.7;4.26;2.86
3;29;6.69;7.31;3.68
3;30;7.21;6.59;3.6
3;31;7.07;6.56;3.83
3;32;7.76;7.5;3.04
3;33;7.52;6.36;5.16
3;34;3.53;4.96;3.29
3;35;4.73;4.69;2.6
3;36;8.08;7.58;3.5
3;37;7.6;8.28;4.1
3;38;5.31;5.92;2.97
3;39;5.33;4.97;2.18
3;40;5.21;5.45;3.34
3;41;6.2;6.24;2.86
3;42;5.96;5.75;3.27
3;43;6.45;4.49;3.98
3;44;4.94;6.0;2.52
3;45;6.08;6.62;2.76
3;46;5.96;6.53;3.97
3;47;5.93;6.28;2.59
3;48;5.94;6.26;2.62
3;49;6.65;6.53;4.36
3;50;4.29;5.55;3.5
3;51;4.57;6.43;4.0
3;52;5.29;5.11;3.78
3;53;5.16;5.62;2.36
3;54;6.79;6.4;2.79
3;55;7.07;6.95;2.82
3;56;6.86;6.96;2.86
3;57;5.92;6.49;2.57
3;58;4.01;5.79;2.6
3;59;7.35;7.15;4.4
3;60;5.11;5.77;3.16
3;61;6.43;6.48;3.49
3;62;4.46;5.7;3.22
3;63;6.68;6.07;4.01
3;64;6.61;6.76;2.97
3;65;5.95;5.77;4.02
3;66;7.15;6.74;4.25
3;67;5.2;5.36;3.58
3;68;4.77;4.57;3.0
3;69;7.3;7.05;4.23
3;70;7.48;6.36;3.0
3;71;7.76;7.25;3.57
3;72;3.26;4.04;3.34
3;73;4.5;5.39;3.33
3;74;4.9;5.19;3.59
3;75;5.39;5.47;2.86
3;76;7.5;6.42;3.92
3;77;8.31;6.94;4.23
3;78;3.58;5.34;3.9
3;79;5.12;5.08;4.08
3;80;7.7;7.01;3.23
3;81;5.36;7.05;4.27
3;82;5.36;5.69;3.29
3;83;4.85;5.47;2.74
3;84;7.79;6.79;4.7
3;85;4.25;5.74;3.31
3;86;6.99;6.76;2.33
3;87;5.43;5.23;2.86
3;88;5.71;6.65;3.42
3;89;5.02;5.85;2.03
3;90;3.83;3.74;3.11
3;91;4.01;5.83;4.46
3;92;4.49;5.83;3.92
3;93;5.44;6.11;3.87
3;94;4.98;6.0;4.82
3;95;6.83;6.91;3.66
3;96;4.79;3.71;4.24
3;97;3.8;4.6;3.26
3;98;4.69;5.51;3.54
3;99;8.4;8.04;3.3
3;100;7.31;6.9;3.59
3;101;9.23;7.93;3.34
3;102;7.31;7.51;3.28
3;103;7.0;6.19;3.09
3;104;4.52;6.2;3.36
3;105;6.31;5.33;4.06
3;106;6.1;5.19;3.83
3;107;5.72;6.29;3.83
3;108;4.61;5.63;3.2
3;109;8.71;7.32;3.77
3;110;8.0;7.61;3.43
3;111;5.39;5.3;3.39
3;112;6.37;6.28;3.43
3;113;4.44;5.27;1.87
3;114;5.79;6.19;3.98
3;115;5.61;5.36;1.69
3;116;5.82;6.65;2.99
3;117;7.52;7.25;4.11
3;118;4.85;5.2;3.47
3;119;5.37;6.59;3.5
3;120;4.9;5.34;2.92
3;121;7.0;7.82;3.44
3;122;5.13;5.68;3.05
3;123;6.49;6.5;3.73
3;124;6.03;6.5;3.53
3;125;6.09;6.31;3.64
3;126;7.1;7.05;2.21
3;127;5.08;6.55;2.85
3;128;5.46;5.82;3.0
3;129;4.66;5.39;4.07
3;130;4.93;5.49;4.28
3;131;6.57;6.47;3.6
3;132;7.22;6.56;1.56
3;133;7.61;7.26;5.03
3;134;8.31;7.61;4.08
3;135;4.83;5.08;4.61
3;136;5.31;5.74;3.19
3;137;7.14;7.19;3.45
3;138;7.42;8.37;3.29
3;139;3.09;3.95;1.96
3;140;3.96;5.2;3.28
3;141;5.06;5.37;4.01
3;142;4.35;5.43;3.6
3;143;7.82;6.63;3.89
3;144;4.0;5.99;3.57
3;145;7.5;6.14;3.7
3;146;5.32;5.51;3.43
3;147;5.78;6.13;3.37
3;148;4.22;4.97;3.19
3;149;6.94;6.04;3.72
3;150;5.63;6.07;4.56
3;151;3.1;4.98;4.7
3;152;5.83;5.44;2.67
3;153;6.28;5.97;3.09
3;154;5.39;6.53;3.48
3;155;6.38;6.11;3.25
3;156;5.34;5.38;3.78
3;157;5.51;5.96;3.81
3;158;8.41;7.9;3.99
3;159;6.06;7.1;3.0
3;160;4.47;5.59;3.78
3;161;4.8;4.87;2.39
3;162;7.64;7.59;2.07
3;163;3.95;4.71;2.02
3;164;7.27;6.61;3.1
3;165;5.68;6.01;3.21
3;166;6.89;6.54;4.11
3;167;6.69;5.94;3.67
3;168;3.46;5.7;4.56
3;169;5.39;6.41;3.8
3;170;9.18;8.67;3.67
3;171;6.19;7.43;2.92
3;172;6.02;6.72;3.78
3;173;4.12;5.44;2.96
3;174;5.99;6.98;3.11
3;175;6.07;6.44;2.71
3;176;5.9;6.64;4.24
3;177;4.59;4.68;3.79
3;178;5.7;6.26;3.38
3;179;3.75;4.57;4.42
3;180;3.67;4.71;2.48
3;181;5.19;5.14;2.35
3;182;2.78;4.59;3.95
3;183;7.28;7.26;2.84
3;184;8.02;6.94;3.32
3;185;6.85;7.95;4.88
3;186;5.0;4.99;3.21
3;187;4.95;5.77;3.82
3;188;6.12;7.19;2.43
3;189;6.45;6.2;3.43
3;190;4.51;5.54;2.79
3;191;6.27;7.07;3.22
3;192;7.48;7.5;5.3
3;193;5.88;6.28;3.2
3;194;3.2;4.33;2.97
3;195;5.08;5.58;3.02
3;196;6.55;5.66;3.79
3;197;5.89;6.16;3.17
3;198;5.06;6.29;3.65
3;199;4.7;5.15;3.65
3;200;5.11;5.84;3.77
3;201;6.49;7.23;2.86
3;202;3.45;5.26;4.01
3;203;7.01;5.89;2.96
3;204;7.11;6.07;3.66
3;205;6.82;6.84;3.92
3;206;6.61;6.2;3.29
3;207;7.21;7.61;2.9
3;208;6.23;5.68;2.81
3;209;5.77;5.78;3.87
3;210;5.73;5.65;3.78
3;211;5.08;6.45;3.99
3;212;6.57;6.01;2.54
3;213;5.55;5.42;3.13
3;214;5.79;6.63;3.12
3;215;4.92;5.19;3.21
3;216;6.49;6.1;2.75
3;217;6.46;6.26;3.28
3;218;6.01;6.13;3.46
3;219;5.97;5.22;4.03
3;220;5.24;5.28;4.1
3;221;5.51;5.71;3.2
3;222;5.9;5.53;3.53
3;223;6.47;6.62;3.03
3;224;7.64;6.34;3.82
3;225;6.15;5.89;4.26
3;226;4.86;5.72;3.34
3;227;3.82;5.69;3.29
3;228;3.95;5.96;4.43
3;229;7.95;7.09;3.58
3;230;4.62;5.48;2.48
3;231;3.1;3.88;2.12
3;232;6.06;6.68;3.72
3;233;6.06;6.34;3.58
3;234;3.98;4.99;4.23
3;235;6.33;5.97;4.38
3;236;7.23;6.33;4.02
3;237;4.47;5.23;2.08
3;238;5.37;5.41;3.02
3;239;6.46;5.56;4.44
3;240;8.0;6.71;2.77
3;241;5.0;6.59;4.21
3;242;8.97;7.48;3.11
3;243;5.38;5.78;3.64
3;244;9.31;8.67;4.58
3;245;4.55;4.51;3.48
3;246;3.38;4.41;3.43
3;247;6.29;6.82;3.37
3;248;5.69;6.53;1.42
3;249;7.16;6.75;3.31
3;250;6.26;5.84;2.92
3;251;6.03;5.69;3.06
3;252;5.19;5.76;3.25
3;253;6.6;6.36;1.8
3;254;6.27;6.79;3.46
3;255;4.65;4.63;2.5
3;256;6.99;6.74;3.45
3;257;5.24;5.92;3.8
3;258;5.48;5.7;2.82
3;259;6.47;6.81;4.32
3;260;5.98;6.5;2.4
3;261;6.82;6.63;3.55
3;262;5.02;4.48;4.24
3;263;6.33;6.4;3.09
3;264;4.27;5.62;3.27
3;265;6.6;5.58;3.1
3;266;5.7;6.15;2.37
3;267;7.56;6.98;3.16
3;268;4.34;5.6;3.4
3;269;7.37;7.09;2.7
3;270;3.33;4.74;2.93
3;271;6.35;6.12;3.95
3;272;6.53;6.62;3.83
3;273;4.33;5.37;3.68
3;274;7.86;7.23;4.23
3;275;6.9;6.42;4.42
3;276;5.37;5.13;3.94
3;277;5.82;6.72;5.2
3;278;5.69;5.52;3.31
3;279;5.93;5.86;3.15
3;280;5.89;6.14;4.57
3;281;7.13;7.17;3.56
3;282;7.17;6.03;3.54
3;283;7.02;6.63;3.11
3;284;5.23;6.17;4.34
3;285;6.05;6.83;3.8
3;286;5.34;6.39;2.63
3;287;6.84;6.97;3.63
3;288;8.23;7.44;3.39
3;289;6.54;6.72;3.38
3;290;9.3;9.62;2.1
3;291;6.33;5.09;4.18
3;292;5.02;4.77;2.31
3;293;6.34;6.83;2.81
3;294;5.31;5.93;2.68
3;295;4.32;5.53;4.35
3;296;7.62;6.94;2.8
3;297;6.92;6.71;5.21
3;298;7.84;8.04;1.92
3;299;4.59;6.1;3.77
4;0;10.71;9.78;3.93
4;1;8.77;8.58;4.97
4;2;10.03;8.67;4.68
4;3;9.29;9.16;4.93
4;4;10.9;10.03;4.33
4;5;7.73;8.15;4.68
4;6;9.2;7.74;5.14
4;7;9.95;9.28;5.75
4;8;9.39;8.3;5.73
4;9;10.79;10.32;5.61
4;10;8.06;7.49;4.83
4;11;8.01;8.38;4.83
4;12;9.18;7.33;5.07
4;13;10.23;8.83;5.32
4;14;9.1;9.35;4.57
4;15;9.43;8.47;4.54
4;16;12.71;10.74;7.91
4;17;8.88;8.69;3.85
4;18;10.86;8.93;4.65
4;19;7.08;7.17;4.33
4;20;9.99;9.88;4.73
4;21;9.93;9.7;5.77
4;22;10.66;8.15;5.59
4;23;9.63;9.4;4.81
4;24;7.26;8.17;5.17
4;25;6.45;6.92;4.09
4;26;11.27;12.66;5.71
4;27;12.86;10.58;6.14
4;28;9.25;9.0;4.13
4;29;8.71;7.63;5.14
4;30;7.66;7.23;4.19
4;31;7.77;8.14;4.43
4;32;10.4;8.83;5.65
4;33;11.58;10.4;4.92
4;34;9.97;8.68;4.23
4;35;7.24;7.11;4.45
4;36;10.43;9.05;5.48
4;37;10.27;9.68;6.05
4;38;9.09;7.82;4.91
4;39;8.37;8.87;3.46
4;40;8.46;7.27;4.73
4;41;9.59;8.99;5.94
4;42;8.13;7.28;5.97
4;43;7.23;8.14;4.59
4;44;9.69;9.49;5.52
4;45;10.77;9.41;5.5
4;46;9.84;9.31;4.75
4;47;9.76;9.03;4.89
4;48;9.12;8.47;4.51
4;49;8.86;9.93;5.23
4;50;8.75;7.64;4.93
4;51;7.38;7.72;4.42
4;52;9.93;8.83;3.86
4;53;7.9;7.79;5.13
4;54;10.18;10.03;4.09
4;55;9.1;8.27;4.63
4;56;7.11;6.53;4.34
4;57;9.37;8.23;5.76
4;58;12.48;10.07;5.15
4;59;9.78;10.27;6.29
4;60;10.14;9.09;6.51
4;61;7.0;6.65;5.43
4;62;6.84;6.49;4.45
4;63;11.07;10.3;5.53
4;64;8.73;8.51;4.82
4;65;9.18;8.66;3.78
4;66;6.43;8.07;4.56
4;67;9.68;7.76;5.3
4;68;10.55;9.92;4.75
4;69;7.81;7.75;4.52
4;70;7.45;7.62;4.99
4;71;5.86;6.66;4.68
4;72;9.3;9.31;5.07
4;73;9.98;8.6;5.34
4;74;10.3;10.08;4.96
4;75;9.85;7.91;5.62
4;76;10.69;9.52;4.55
4;77;9.38;8.59;3.51
4;78;9.54;8.3;4.62
4;79;10.17;8.46;5.13
4;80;8.46;7.09;4.43
4;81;12.7;10.6;4.98
4;82;9.63;7.68;5.17
4;83;7.8;8.15;4.55
4;84;10.54;9.24;4.88
4;85;8.3;8.07;5.21
4;86;7.74;8.24;4.76
4;87;9.51;9.06;5.73
4;88;10.11;9.29;4.26
4;89;10.08;9.37;5.09
4;90;8.04;7.14;4.52
4;91;8.37;8.74;5.35
4;92;9.87;7.99;4.54
4;93;9.25;8.17;5.06
4;94;8.69;7.51;5.24
4;95;11.74;10.94;6.12
4;96;7.29;7.22;5.09
4;97;8.27;7.8;5.29
4;98;10.56;8.51;4.41
4;99;10.2;9.52;5.1
4;100;9.31;8.83;4.36
4;101;9.03;9.6;5.45
4;102;9.52;8.32;4.54
4;103;7.56;7.54;5.06
4;104;10.14;9.06;6.04
4;105;8.94;7.35;5.71
4;106;7.95;9.13;4.74
4;107;10.51;9.33;4.56
4;108;8.6;7.45;5.73
4;109;9.78;9.46;4.94
4;110;10.02;8.9;4.78
4;111;10.4;8.87;5.39
4;112;9.57;8.49;4.62
4;113;5.93;7.26;5.05
4;114;9.09;7.79;3.98
4;115;7.21;7.65;5.0
4;116;10.18;9.47;5.47
4;117;6.14;7.55;4.47
4;118;11.23;10.04;5.21
4;119;8.91;7.28;5.13
4;120;8.15;7.34;4.65
4;121;9.13;8.67;5.26
4;122;6.82;7.53;5.29
4;123;11.92;9.72;5.42
4;124;12.76;9.8;5.8
4;125;11.6;10.43;6.17
4;126;9.03;8.4;5.45
4;127;8.94;8.99;5.39
4;128;10.44;10.52;5.16
4;129;10.96;9.86;4.72
4;130;11.47;10.19;5.28
4;131;8.78;8.8;4.36
4;132;8.18;7.88;5.24
4;133;8.11;7.71;5.42
4;134;7.8;8.2;4.3
4;135;8.27;8.2;3.93
4;136;12.01;10.89;5.36
4;137;6.21;7.1;4.99
4;138;8.34;7.54;3.5
4;139;9.98;11.53;7.05
4;140;8.66;8.56;6.02
4;141;9.35;8.93;5.16
4;142;9.52;10.51;4.85
4;143;8.67;8.63;4.88
4;144;9.63;10.25;7.0
4;145;8.2;7.78;4.76
4;146;9.54;9.13;5.33
4;147;9.65;8.22;4.29
4;148;9.22;8.89;5.13
4;149;8.79;7.77;4.7
4;150;6.42;7.79;4.57
4;151;8.85;8.95;5.06
4;152;9.17;8.35;5.34
4;153;10.35;9.38;5.61
4;154;9.75;7.96;4.73
4;155;6.33;7.48;6.25
4;156;7.06;8.08;3.82
4;157;8.11;7.04;4.75
4;158;9.85;9.04;5.01
4;159;9.09;8.83;5.6
4;160;8.11;7.61;4.76
4;161;11.13;10.08;5.59
4;162;11.14;10.36;4.82
4;163;9.37;8.28;6.33
4;164;11.85;10.35;7.1
4;165;11.82;10.25;5.21
4;166;10.78;9.95;3.65
4;167;9.02;7.87;4.99
4;168;9.0;9.23;4.77
4;169;7.68;7.24;5.18
4;170;9.47;8.35;4.98
4;171;8.13;8.74;5.83
4;172;7.18;6.5;4.36
4;173;10.03;8.85;4.12
4;174;9.16;9.25;6.39
4;175;10.98;9.65;4.71
4;176;10.01;8.03;4.42
4;177;9.01;9.18;3.35
4;178;11.34;10.2;4.4
4;179;9.14;8.81;3.97
4;180;9.03;7.99;5.62
4;181;7.99;7.77;4.76
4;182;9.13;8.84;5.11
4;183;12.59;11.61;5.76
4;184;8.39;6.94;4.85
4;185;11.2;10.17;5.77
4;186;9.71;8.56;4.79
4;187;7.31;6.21;4.56
4;188;9.27;8.81;4.5
4;189;10.9;8.63;5.75
4;190;12.72;11.42;4.04
4;191;11.67;9.16;4.97
4;192;9.16;8.51;5.97
4;193;10.07;10.37;4.4
4;194;10.4;8.6;4.44
4;195;6.78;6.18;4.26
4;196;8.45;8.27;5.36
4;197;8.3;8.58;5.88
4;198;8.44;8.74;4.84
4;199;6.52;7.94;5.22
4;200;10.95;9.97;5.4
4;201;12.01;10.79;5.26
4;202;11.17;8.95;5.14
4;203;9.5;8.68;5.64
4;204;9.32;8.72;4.28
4;205;9.63;8.55;4.66
4;206;7.6;8.12;4.28
4;207;10.26;10.23;5.35
4;208;8.7;8.4;5.02
4;209;9.31;7.67;4.1
4;210;10.36;8.92;5.0
4;211;10.23;9.17;4.7
4;212;10.64;9.08;4.96
4;213;8.16;7.49;4.19
4;214;7.37;7.11;3.76
4;215;11.04;10.08;6.14
4;216;8.14;9.26;6.16
4;217;10.54;10.13;3.45
4;218;8.95;8.4;4.31
4;219;9.52;8.92;3.76
4;220;9.74;8.4;5.0
4;221;8.44;7.46;4.56
4;222;8.37;8.49;4.62
4;223;7.63;8.36;4.63
4;224;9.04;8.66;5.4
4;225;8.39;8.73;4.52
4;226;8.87;8.71;3.8
4;227;10.86;9.56;6.12
4;228;11.01;9.56;5.23
4;229;9.19;8.64;4.43
4;230;8.86;8.68;3.68
4;231;9.27;8.25;4.08
4;232;6.36;6.85;4.01
4;233;7.08;7.41;4.17
4;234;8.83;8.23;4.06
4;235;9.72;8.33;4.81
4;236;8.22;8.42;5.6
4;237;9.45;10.29;5.86
4;238;9.1;8.7;4.52
4;239;9.71;8.78;4.89
4;240;9.0;9.12;4.48
4;241;9.4;8.98;4.56
4;242;8.97;8.56;4.71
4;243;10.09;9.06;5.13
4;244;7.05;9.31;5.78
4;245;7.52;7.4;4.02
4;246;9.26;8.99;4.71
4;247;8.8;10.21;5.95
4;248;10.09;8.03;5.58
4;249;8.62;8.55;4.15
4;250;7.83;9.03;5.72
4;251;10.68;8.46;6.14
4;252;12.47;9.78;5.11
4;253;12.41;11.49;5.36
4;254;10.18;9.24;4.32
4;255;10.01;8.99;5.0
4;256;11.73;11.2;6.05
4;257;9.21;8.6;4.19
4;258;8.36;8.81;5.17
4;259;11.19;10.05;4.1
4;260;8.25;8.56;4.37
4;261;11.16;9.79;5.93
4;262;10.11;7.55;4.76
4;263;11.31;9.58;4.11
4;264;8.95;9.41;5.76
4;265;8.77;8.37;5.14
4;266;7.87;8.0;4.35
4;267;9.77;9.05;4.54
4;268;9.47;8.76;4.85
4;269;9.07;8.36;4.63
4;270;10.01;9.76;5.17
4;271;6.64;8.51;6.45
4;272;10.34;8.86;6.08
4;273;10.73;8.56;5.75
4;274;7.2;8.35;4.75
4;275;9.08;8.4;5.22
4;276;9.55;9.22;5.05
4;277;7.18;7.26;4.0
4;278;11.72;9.69;4.41
4;279;8.93;9.32;5.03
4;280;9.79;8.9;5.31
4;281;12.16;11.01;5.37
4;282;14.28;12.41;6.79
4;283;9.23;9.65;5.14
4;284;9.73;8.32;4.77
4;285;8.54;8.5;5.34
4;286;10.32;9.43;5.13
4;287;11.62;10.29;4.83
4;288;9.7;8.82;5.06
4;289;8.49;8.2;4.87
4;290;8.71;7.68;5.15
4;291;7.56;7.42;5.34
4;292;7.92;8.56;4.98
4;293;8.73;8.77;3.58
4;294;9.38;9.21;4.93
4;295;8.51;8.63;4.4
4;296;10.17;10.55;4.36
4;297;10.33;10.26;5.55
4;298;8.8;8.68;4.76
4;299;10.04;7.68;5.44
5;0;14.6;13.16;6.76
5;1;13.9;13.09;8.33
5;2;12.27;13.38;10.77
5;3;9.25;8.61;7.6
5;4;5.84;8.29;7.15
5;5;13.79;13.11;7.98
5;6;13.58;12.54;6.8
5;7;12.37;12.16;7.31
5;8;11.9;11.98;8.5
5;9;12.65;12.76;8.09
5;10;12.37;13.1;8.81
5;11;6.86;9.7;7.82
5;12;11.8;11.01;6.47
5;13;13.49;13.89;9.1
5;14;10.65;11.16;6.55
5;15;8.11;9.21;8.42
5;16;6.47;9.7;8.01
5;17;10.6;11.01;7.91
5;18;9.92;10.93;7.65
5;19;13.68;11.14;7.78
5;20;10.17;10.41;8.04
5;21;11.89;13.13;7.8
5;22;15.44;13.22;9.04
5;23;12.4;12.03;7.21
5;24;12.63;11.56;9.17
5;25;14.05;12.67;7.64
5;26;9.13;11.15;7.86
5;27;12.43;11.78;8.49
5;28;12.75;11.54;6.37
5;29;12.68;13.09;8.11
5;30;11.33;12.04;6.65
5;31;11.24;11.73;8.95
5;32;13.25;12.42;9.67
5;33;15.86;15.46;8.0
5;34;13.57;13.48;7.89
5;35;12.18;11.06;8.62
5;36;12.78;11.72;6.46
5;37;16.82;17.21;7.79
5;38;14.25;14.36;6.65
5;39;16.42;14.8;8.56
5;40;13.69;12.72;9.31
5;41;11.76;12.36;8.5
5;42;15.36;13.22;8.12
5;43;14.31;13.3;7.07
5;44;12.58;13.75;7.07
5;45;13.43;11.1;7.33
5;46;11.96;11.96;6.98
5;47;14.21;13.13;7.2
5;48;7.5;10.06;7.24
5;49;12.25;10.97;8.14
5;50;10.2;8.8;7.22
5;51;10.92;12.46;9.98
5;52;10.7;11.01;7.47
5;53;13.56;15.58;7.5
5;54;6.23;9.32;8.65
5;55;12.71;12.25;7.66
5;56;12.03;13.41;10.48
5;57;13.93;11.92;9.31
5;58;13.37;13.3;7.97
5;59;13.29;11.73;8.26
5;60;12.68;13.53;8.01
5;61;11.47;11.79;6.52
5;62;13.1;12.26;7.76
5;63;10.19;10.78;9.31
5;64;10.68;12.42;8.1
5;65;12.83;12.83;6.88
5;66;11.77;11.79;8.3
5;67;12.15;11.49;8.78
5;68;13.01;12.27;7.24
5;69;9.86;11.69;6.59
5;70;11.71;10.1;7.51
5;71;15.41;12.42;9.81
5;72;10.51;9.27;6.48
5;73;10.1;11.38;8.54
5;74;12.64;12.05;6.71
5;75;13.13;12.92;7.21
5;76;12.62;10.4;7.06
5;77;13.73;10.16;9.73
5;78;10.13;10.88;7.05
5;79;11.53;12.07;9.4
5;80;13.73;13.85;8.08
5;81;8.9;9.43;6.71
5;82;15.17;16.96;11.27
5;83;12.35;12.28;6.99
5;84;11.73;11.19;6.66
5;85;13.5;12.69;7.79
5;86;13.52;10.64;7.28
5;87;12.34;10.6;6.98
5;88;11.85;10.69;7.66
5;89;12.78;14.51;9.27
5;90;11.91;12.39;7.24
5;91;12.2;11.5;7.88
5;92;13.21;13.8;8.15
5;93;10.51;10.3;7.97
5;94;12.72;12.07;7.27
5;95;14.21;12.8;7.41
5;96;14.27;13.64;7.17
5;97;15.19;13.62;7.81
5;98;11.53;10.91;5.82
5;99;12.63;13.86;9.41
5;100;14.09;12.02;8.15
5;101;10.78;10.8;8.06
5;102;11.85;11.23;7.28
5;103;9.71;9.89;5.88
5;104;15.41;14.23;7.68
5;105;11.71;10.56;7.19
5;106;9.02;10.38;7.46
5;107;12.38;12.71;5.95
5;108;16.41;15.73;8.34
5;109;10.43;10.6;6.79
5;110;9.34;10.33;8.49
5;111;14.86;13.42;8.0
5;112;14.33;13.21;9.3
5;113;11.98;12.6;7.4
5;114;13.44;11.89;7.55
5;115;15.08;13.7;6.7
5;116;12.82;12.23;7.39
5;117;12.27;12.6;9.51
5;118;8.17;10.09;7.36
5;119;12.42;11.59;7.35
5;120;14.51;12.3;8.45
5;121;8.41;10.19;5.6
5;122;14.77;14.8;8.37
5;123;10.24;13.0;7.94
5;124;10.43;12.58;7.53
5;125;11.75;12.3;6.95
5;126;11.97;11.06;8.29
5;127;12.85;11.9;8.23
5;128;13.77;14.66;10.01
5;129;14.47;13.52;7.83
5;130;10.27;10.43;7.12
5;131;13.6;11.88;7.98
5;132;10.06;9.14;6.8
5;133;15.23;14.49;9.6
5;134;15.67;14.22;9.33
5;135;14.96;11.44;7.28
5;136;11.25;11.76;7.31
5;137;11.65;12.46;7.59
5;138;11.49;11.7;6.25
5;139;13.07;12.8;7.83
5;140;10.68;10.79;6.25
5;141;12.74;12.44;8.72
5;142;10.72;9.47;5.87
5;143;11.39;9.9;7.07
5;144;12.28;12.22;7.32
5;145;12.12;11.01;6.85
5;146;7.11;9.43;8.1
5;147;11.8;12.27;8.61
5;148;12.49;10.82;7.31
5;149;11.71;11.23;7.88
5;150;11.16;11.62;8.84
5;151;12.22;10.96;6.08
5;152;14.06;13.5;8.1
5;153;13.83;12.67;7.4
5;154;10.59;10.51;5.86
5;155;14.34;13.27;6.81
5;156;12.63;12.25;6.76
5;157;11.55;10.49;7.6
5;158;12.26;12.44;8.9
5;159;14.61;13.53;7.62
5;160;14.58;13.75;9.53
5;161;7.72;11.06;8.06
5;162;13.54;12.6;7.68
5;163;13.37;11.49;8.78
5;164;13.12;14.63;8.49
5;165;11.04;10.22;7.14
5;166;11.92;10.88;7.3
5;167;11.65;12.04;8.25
5;168;10.72;9.2;5.98
5;169;9.18;10.55;6.65
5;170;14.89;16.46;10.45
5;171;13.97;13.36;8.37
5;172;12.89;12.9;8.15
5;173;11.77;11.42;7.45
5;174;11.82;11.01;6.41
5;175;15.01;14.0;9.17
5;176;15.99;14.92;10.07
5;177;12.97;11.97;7.36
5;178;11.73;10.18;6.25
5;179;9.62;9.9;7.36
5;180;10.93;10.2;6.85
5;181;12.39;12.67;8.58
5;182;14.43;12.89;6.46
5;183;12.78;12.12;7.3
5;184;13.66;11.41;6.37
5;185;12.09;13.15;8.98
5;186;11.6;12.62;8.28
5;187;9.93;9.78;7.17
5;188;9.83;10.66;5.39
5;189;13.89;13.01;8.4
5;190;13.7;14.1;9.24
5;191;12.45;13.42;7.11
5;192;14.93;14.88;8.19
5;193;11.62;12.88;10.1
5;194;14.1;13.13;9.73
5;195;10.42;10.83;9.27
5;196;14.09;14.39;7.62
5;197;12.73;11.46;10.19
5;198;12.5;12.54;5.98
5;199;13.45;12.33;7.18
5;200;10.46;10.37;6.19
5;201;15.38;13.7;7.84
5;202;12.38;11.85;6.33
5;203;12.46;10.52;7.14
5;204;10.4;11.53;6.41
5;205;10.89;13.73;8.9
5;206;13.33;12.1;8.87
5;207;8.25;10.65;7.44
5;208;13.09;11.84;8.83
5;209;6.13;8.09;7.64
5;210;10.97;11.06;5.73
5;211;6.27;8.82;5.75
5;212;12.86;10.5;7.66
5;213;13.18;11.69;7.71
5;214;12.75;12.67;7.52
5;215;10.49;10.29;7.98
5;216;11.68;11.66;7.38
5;217;13.3;13.48;10.14
5;218;9.68;9.13;9.01
5;219;15.27;14.24;7.79
5;220;12.13;10.71;7.28
5;221;14.03;13.17;8.22
5;222;9.37;11.63;7.32
5;223;12.16;11.44;7.7
5;224;13.88;12.06;8.12
5;225;10.26;11.97;6.89
5;226;14.91;14.31;6.68
5;227;14.2;14.44;10.1
5;228;13.28;11.87;8.51
5;229;15.66;14.69;6.97
5;230;12.55;14.1;9.29
5;231;12.25;12.22;6.61
5;232;12.43;11.18;8.45
5;233;15.18;13.92;6.9
5;234;12.28;11.31;7.75
5;235;14.19;12.27;8.26
5;236;13.3;11.28;7.58
5;237;11.29;11.91;6.84
5;238;8.64;9.57;6.41
5;239;12.5;12.7;6.62
5;240;10.4;11.07;7.01
5;241;12.82;12.37;8.25
5;242;12.73;12.63;13.18
5;243;12.44;10.39;6.57
5;244;10.75;10.3;7.63
5;245;12.72;10.76;8.86
5;246;12.75;11.47;7.08
5;247;12.2;12.96;7.3
5;248;13.61;12.88;7.43
5;249;12.85;12.67;7.96
5;250;12.81;11.41;6.32
5;251;13.53;10.85;9.1
5;252;12.15;10.18;7.67
5;253;13.74;12.13;8.85
5;254;11.29;10.15;5.98
5;255;9.48;10.62;9.7
5;256;12.46;12.94;10.12
5;257;15.26;12.87;6.59
5;258;10.76;10.2;8.04
5;259;14.26;12.8;8.6
5;260;12.09;10.82;5.93
5;261;12.28;11.98;7.1
5;262;14.69;13.62;7.69
5;263;9.99;12.7;8.21
5;264;10.46;10.69;5.75
5;265;12.99;10.94;6.79
5;266;9.99;10.96;8.09
5;267;11.41;13.58;10.89
5;268;11.85;10.43;6.34
5;269;12.45;11.76;8.43
5;270;11.82;12.93;8.97
5;271;11.35;14.13;9.32
5;272;11.39;11.08;7.37
5;273;14.62;15.0;8.36
5;274;11.18;12.56;8.46
5;275;12.92;13.36;6.46
5;276;12.48;12.84;8.82
5;277;14.84;13.37;8.61
5;278;11.73;11.72;6.27
5;279;12.68;13.33;8.35
5;280;11.75;10.88;8.53
5;281;9.97;13.01;7.96
5;282;11.62;11.33;6.43
5;283;11.41;12.97;9.04
5;284;11.48;11.77;6.75
5;285;14.68;13.98;7.92
5;286;9.7;10.79;7.97
5;287;15.39;12.85;7.98
5;288;11.69;10.07;7.54
5;289;14.67;12.49;6.8
5;290;11.31;10.62;5.37
5;291;12.93;11.35;7.64
5;292;9.37;10.24;7.91
5;293;13.56;11.54;7.16
5;294;9.8;10.57;6.51
5;295;14.8;13.37;6.01
5;296;12.85;13.36;7.79
5;297;10.92;9.92;8.0
5;298;9.98;10.67;9.81
5;299;10.87;11.2;7.91
6;0;12.86;13.93;10.83
6;1;16.22;15.69;11.97
6;2;15.99;16.63;13.6
6;3;13.85;14.83;9.18
6;4;8.45;13.25;13.08
6;5;12.17;12.03;10.62
6;6;12.79;13.49;10.12
6;7;15.1;13.8;11.42
6;8;14.21;13.38;9.49
6;9;14.68;17.44;12.2
6;10;10.22;14.4;10.88
6;11;15.16;12.67;8.55
6;12;14.62;14.05;11.11
6;13;15.96;16.05;12.81
6;14;13.31;13.64;9.53
6;15;13.39;15.45;9.18
6;16;16.49;15.74;10.91
6;17;15.06;13.47;12.11
6;18;14.11;13.56;11.15
6;19;16.53;16.36;10.37
6;20;14.25;15.9;11.61
6;21;11.3;14.09;11.13
6;22;11.24;10.36;8.08
6;23;14.24;13.72;9.98
6;24;10.15;12.41;11.74
6;25;16.37;16.89;11.9
6;26;9.47;13.01;11.48
6;27;13.62;14.15;11.99
6;28;6.93;12.63;11.48
6;29;9.77;14.31;13.12
6;30;11.96;12.61;9.63
6;31;17.64;16.97;11.77
6;32;11.23;11.67;9.34
6;33;15.6;16.18;9.96
6;34;9.83;12.02;9.19
6;35;15.74;14.6;9.84
6;36;15.37;14.8;9.97
6;37;13.84;11.99;9.89
6;38;16.0;15.15;9.83
6;39;16.3;16.77;8.63
6;40;14.93;14.56;11.75
6;41;13.58;13.3;9.7
6;42;15.22;15.02;9.18
6;43;17.73;17.04;12.95
6;44;13.78;16.45;11.15
6;45;18.45;16.79;10.04
6;46;14.53;12.77;7.62
6;47;15.49;13.67;10.98
6;48;13.55;13.46;9.37
6;49;10.86;14.65;12.85
6;50;11.67;14.21;9.76
6;51;19.21;14.91;11.06
6;52;10.22;11.65;9.93
6;53;13.36;11.45;9.81
6;54;15.87;13.77;12.06
6;55;13.6;13.36;8.34
6;56;12.66;12.91;9.35
6;57;13.86;13.71;12.99
6;58;11.69;12.95;10.44
6;59;10.92;11.57;8.91
6;60;17.45;13.63;10.5
6;61;14.97;15.26;10.05
6;62;10.09;12.67;11.66
6;63;15.78;14.9;11.48
6;64;9.12;10.89;9.81
6;65;12.51;15.79;10.88
6;66;8.89;14.39;12.4
6;67;15.92;14.87;11.03
6;68;13.45;15.1;9.93
6;69;14.72;16.78;12.22
6;70;15.02;17.0;10.32
6;71;15.49;13.24;13.15
6;72;14.68;16.53;9.77
6;73;14.57;13.58;10.49
6;74;13.33;14.49;11.8
6;75;16.25;15.47;13.6
6;76;13.34;12.83;10.79
6;77;11.25;10.45;8.96
6;78;13.97;12.8;9.19
6;79;12.2;14.03;9.09
6;80;12.11;14.76;10.31
6;81;14.66;14.57;9.89
6;82;11.26;12.37;9.27
6;83;15.88;15.57;11.97
6;84;15.54;17.75;11.09
6;85;7.02;14.06;12.66
6;86;13.21;13.13;9.06
6;87;16.51;16.24;10.99
6;88;16.75;15.46;8.47
6;89;8.45;11.93;10.04
6;90;15.85;14.22;10.39
6;91;12.18;12.33;8.75
6;92;13.55;13.09;9.96
6;93;11.29;13.29;11.32
6;94;17.08;16.81;11.21
6;95;12.9;14.59;10.39
6;96;14.91;15.66;11.15
6;97;15.4;16.56;12.54
6;98;11.32;14.4;14.12
6;99;12.39;13.31;9.52
6;100;18.08;15.1;9.04
6;101;13.85;13.31;9.66
6;102;13.26;14.28;9.34
6;103;9.42;12.14;9.98
6;104;11.77;9.34;9.75
6;105;16.48;15.93;11.83
6;106;14.91;14.84;11.27
6;107;12.96;12.87;11.01
6;108;13.1;14.2;10.72
6;109;12.98;14.47;8.27
6;110;15.38;17.66;11.28
6;111;14.55;15.62;10.87
6;112;15.29;15.79;10.44
6;113;13.97;14.51;10.3
6;114;13.73;13.95;9.84
6;115;12.92;12.75;12.17
6;116;4.19;11.68;11.03
6;117;21.63;19.69;13.68
6;118;12.99;13.48;9.11
6;119;16.24;17.82;12.84
6;120;15.45;15.97;13.8
6;121;14.56;15.32;12.24
6;122;13.96;16.07;11.33
6;123;17.8;16.96;11.52
6;124;15.45;14.89;11.0
6;125;12.54;13.08;11.54
6;126;13.65;14.25;10.06
6;127;12.23;15.31;12.32
6;128;16.29;14.73;10.8
6;129;14.84;15.41;11.37
6;130;17.21;15.0;10.31
6;131;18.89;13.82;11.09
6;132;11.42;12.38;10.46
6;133;13.85;15.5;9.85
6;134;12.83;15.99;12.8
6;135;12.8;13.81;11.37
6;136;15.45;15.96;13.09
6;137;13.07;14.61;10.86
6;138;21.55;19.03;11.08
6;139;12.25;13.37;10.24
6;140;14.37;14.77;11.26
6;141;13.14;13.3;8.96
6;142;16.42;15.74;10.7
6;143;16.82;15.78;10.94
6;144;14.36;13.66;9.66
6;145;16.27;13.97;11.3
6;146;16.05;14.41;11.5
6;147;13.92;13.66;12.5
6;148;1.85;12.09;12.16
6;149;12.27;12.11;9.34
6;150;13.66;13.46;8.7
6;151;10.24;11.84;9.58
6;152;20.67;19.02;10.31
6;153;11.15;17.07;13.58
6;154;17.54;13.28;11.0
6;155;17.89;16.79;11.72
6;156;13.72;13.95;9.71
6;157;12.52;13.01;9.35
6;158;14.61;15.15;9.18
6;159;13.87;12.47;10.6
6;160;1.98;9.51;9.09
6;161;14.24;15.51;13.13
6;162;10.51;13.47;11.98
6;163;12.74;13.37;11.85
6;164;13.01;10.92;9.43
6;165;15.02;13.24;11.1
6;166;14.4;13.65;9.03
6;167;9.75;12.6;9.51
6;168;12.87;13.0;10.37
6;169;11.8;15.3;10.86
6;170;14.93;15.04;8.65
6;171;16.42;14.51;11.89
6;172;9.7;11.86;10.04
6;173;17.69;16.59;10.48
6;174;17.28;16.38;9.5
6;175;14.9;17.07;14.41
6;176;15.41;16.06;10.05
6;177;16.23;16.29;10.18
6;178;15.4;15.04;7.48
6;179;12.88;14.29;10.23
6;180;15.53;14.16;11.93
6;181;9.05;10.76;10.01
6;182;14.26;14.78;10.46
6;183;13.55;16.88;11.93
6;184;16.08;16.0;13.26
6;185;9.62;14.02;11.84
6;186;11.78;12.03;10.79
6;187;13.76;12.19;10.53
6;188;13.21;13.26;9.77
6;189;15.53;13.44;8.11
6;190;16.88;17.15;12.59
6;191;14.06;16.37;11.93
6;192;10.97;11.57;8.26
6;193;12.12;13.88;10.72
6;194;11.08;15.62;14.76
6;195;15.04;17.27;11.47
6;196;16.85;15.35;11.98
6;197;11.13;14.38;12.55
6;198;13.75;14.72;8.37
6;199;11.94;12.69;10.79
6;200;14.15;14.08;10.51
6;201;14.15;13.85;12.68
6;202;12.3;15.84;12.5
6;203;12.23;14.56;10.41
6;204;13.4;13.78;9.9
6;205;16.39;15.13;8.82
6;206;14.28;13.03;10.21
6;207;13.24;13.39;9.97
6;208;15.9;15.61;10.71
6;209;15.19;12.94;8.43
6;210;15.18;15.04;10.72
6;211;14.42;16.17;11.23
6;212;15.96;15.59;11.55
6;213;12.33;12.63;12.1
6;214;16.02;14.12;9.62
6;215;15.57;13.82;11.27
6;216;13.25;13.93;11.06
6;217;11.57;12.9;11.81
6;218;17.47;16.31;10.44
6;219;13.85;14.46;10.83
6;220;16.62;16.64;9.42
6;221;13.96;17.17;13.41
6;222;12.79;15.21;9.34
6;223;13.74;15.26;9.74
6;224;17.96;17.13;9.79
6;225;11.02;13.97;12.11
6;226;16.57;16.93;10.64
6;227;14.42;16.35;11.43
6;228;9.32;12.8;10.8
6;229;12.6;13.27;10.35
6;230;14.17;15.43;11.04
6;231;19.64;15.17;11.49
6;232;10.25;11.75;9.36
6;233;13.73;14.74;11.51
6;234;15.38;14.54;10.04
6;235;12.36;14.28;11.5
6;236;12.72;11.88;10.48
6;237;12.93;13.24;11.55
6;238;12.45;14.44;11.49
6;239;13.16;12.75;9.37
6;240;11.55;14.63;11.6
6;241;15.51;16.42;12.19
6;242;14.26;13.22;12.72
6;243;17.67;14.72;13.19
6;244;15.2;15.49;10.25
6;245;16.24;15.37;10.23
6;246;13.71;13.36;10.45
6;247;16.6;15.54;11.44
6;248;11.56;13.64;9.14
6;249;13.75;14.97;8.98
6;250;15.55;15.09;11.32
6;251;17.75;17.46;9.23
6;252;13.86;13.35;8.91
6;253;17.61;17.56;11.59
6;254;13.98;14.32;9.32
6;255;18.16;14.92;10.04
6;256;14.08;14.83;12.63
6;257;17.74;16.17;10.23
6;258;14.2;15.82;11.3
6;259;13.27;11.3;10.17
6;260;17.41;15.78;13.85
6;261;13.52;13.72;10.3
6;262;14.97;15.01;11.0
6;263;15.8;14.24;11.38
6;264;13.56;13.17;11.77
6;265;12.69;10.55;9.42
6;266;15.56;13.75;9.89
6;267;13.9;15.21;13.85
6;268;13.97;14.09;9.56
6;269;12.24;13.39;12.53
6;270;11.51;13.94;9.27
6;271;15.49;14.57;11.78
6;272;14.43;13.79;13.66
6;273;16.45;13.23;8.7
6;274;11.96;13.95;10.35
6;275;16.26;15.81;11.21
6;276;8.05;12.85;12.32
6;277;12.77;14.71;10.28
6;278;14.01;13.9;12.47
6;279;14.13;14.2;10.27
6;280;13.6;12.9;9.2
6;281;17.62;15.15;12.07
6;282;9.86;13.18;8.8
6;283;19.92;17.78;9.04
6;284;14.96;15.13;11.81
6;285;12.17;12.87;12.16
6;286;13.36;13.8;12.24
6;287;16.09;13.41;10.34
6;288;12.96;12.75;10.89
6;289;13.51;13.38;11.99
6;290;14.06;12.37;9.27
6;291;17.28;17.37;11.45
6;292;17.98;16.9;10.7
6;293;8.18;13.02;11.3
6;294;14.03;13.38;12.93
6;295;13.23;16.03;10.8
6;296;12.96;12.44;9.32
6;297;9.14;12.58;10.04
6;298;12.39;11.24;9.91
6;299;16.1;14.78;10.6
7;0;8.34;13.66;12.72
7;1;15.74;17.24;14.4
7;2;7.47;13.55;12.84
7;3;15.64;19.55;16.25
7;4;17.65;17.57;12.96
7;5;18.77;17.67;13.56
7;6;14.71;16.08;14.53
7;7;2.85;12.35;12.48
7;8;3.91;17.11;16.48
7;9;20.05;18.82;14.25
7;10;13.45;14.55;12.78
7;11;5.08;11.61;12.33
7;12;12.47;15.37;12.58
7;13;7.5;13.54;12.82
7;14;16.66;16.95;12.89
7;15;16.71;16.46;13.09
7;16;7.4;13.56;12.64
7;17;8.71;14.14;13.59
7;18;3.31;13.25;12.94
7;19;13.97;15.58;16.13
7;20;14.2;15.38;12.26
7;21;9.33;16.19;13.68
7;22;18.02;18.95;13.45
7;23;17.32;17.6;15.02
7;24;21.02;18.46;13.48
7;25;19.01;17.73;12.2
7;26;9.75;13.62;12.73
7;27;15.99;14.53;13.9
7;28;12.83;14.64;15.11
7;29;8.07;15.79;15.96
7;30;16.12;15.06;11.96
7;31;20.08;16.82;14.12
7;32;14.1;16.22;13.74
7;33;13.41;16.49;14.58
7;34;14.42;16.41;13.55
7;35;16.21;15.78;14.83
7;36;8.91;16.36;16.53
7;37;9.86;16.15;14.27
7;38;16.7;14.91;11.87
7;39;12.16;13.98;12.16
7;40;13.02;15.28;12.4
7;41;12.43;14.65;15.86
7;42;15.01;16.22;13.01
7;43;19.23;17.71;13.08
7;44;20.56;16.34;12.88
7;45;17.16;17.47;14.79
7;46;17.78;17.36;16.26
7;47;14.51;16.73;14.0
7;48;20.38;16.65;15.27
7;49;12.75;16.61;13.86
7;50;3.79;13.21;12.38
7;51;14.25;15.42;11.57
7;52;17.6;18.03;11.27
7;53;7.28;18.64;19.08
7;54;16.77;12.44;15.01
7;55;17.63;16.03;15.76
7;56;10.65;15.27;15.96
7;57;1.85;13.22;13.41
7;58;14.33;17.2;13.15
7;59;17.81;16.56;15.37
7;60;12.46;12.65;14.03
7;61;7.85;15.91;16.56
7;62;18.61;17.5;16.63
7;63;18.86;17.6;13.6
7;64;16.6;17.42;14.42
7;65;16.87;17.33;13.2
7;66;11.37;15.25;16.16
7;67;17.37;16.0;10.97
7;68;4.28;12.06;12.56
7;69;15.34;15.26;11.58
7;70;2.98;14.54;14.54
7;71;14.42;18.15;16.23
7;72;14.14;19.08;18.72
7;73;9.41;15.32;15.15
7;74;14.61;17.27;13.12
7;75;17.11;16.91;14.24
7;76;15.45;16.8;13.15
7;77;10.01;15.45;14.18
7;78;17.99;16.04;14.05
7;79;9.36;14.77;15.45
7;80;17.25;17.51;14.44
7;81;9.64;15.06;13.46
7;82;13.43;13.59;13.76
7;83;14.09;14.27;12.82
7;84;10.17;16.35;12.8
7;85;19.41;13.45;14.16
7;86;14.76;18.61;16.63
7;87;9.01;12.95;11.86
7;88;7.35;16.35;15.3
7;89;15.63;15.71;13.98
7;90;15.96;16.32;16.26
7;91;7.55;11.95;11.26
7;92;16.4;16.3;14.58
7;93;15.19;15.74;14.15
7;94;7.95;11.42;12.75
7;95;16.11;17.06;13.73
7;96;13.63;20.36;20.71
7;97;13.48;16.87;15.31
7;98;13.3;15.57;12.73
7;99;19.32;16.52;15.18
7;100;13.38;13.21;11.15
7;101;9.85;13.85;13.04
7;102;19.7;18.6;17.42
7;103;16.89;17.61;15.02
7;104;7.68;13.96;13.4
7;105;17.74;17.5;13.78
7;106;8.58;15.15;14.59
7;107;11.23;15.77;15.84
7;108;14.13;15.29;15.78
7;109;9.52;15.08;13.6
7;110;14.46;14.89;13.79
7;111;18.41;16.38;17.13
7;112;17.92;14.32;14.22
7;113;13.4;16.71;16.13
7;114;17.57;17.08;13.15
7;115;11.19;12.94;11.11
7;116;8.3;11.79;11.69
7;117;3.87;14.21;13.58
7;118;18.59;17.13;14.4
7;119;12.88;13.73;10.47
7;120;18.22;16.52;11.98
7;121;14.75;16.56;13.31
7;122;14.07;15.3;14.83
7;123;21.09;20.07;14.48
7;124;14.53;14.6;14.53
7;125;15.48;16.9;14.66
7;126;16.14;16.03;14.05
7;127;19.02;16.71;14.71
7;128;12.8;13.64;13.68
7;129;13.32;13.64;12.1
7;130;7.11;15.41;15.12
7;131;17.17;15.18;13.29
7;132;17.67;17.12;12.59
7;133;11.64;17.23;15.45
7;134;12.3;17.78;15.06
7;135;14.4;15.13;13.77
7;136;8.43;13.93;12.48
7;137;3.3;12.18;11.4
7;138;19.2;17.73;12.95
7;139;8.5;16.6;15.24
7;140;9.92;16.49;13.29
7;141;10.3;14.28;12.62
7;142;17.92;19.2;13.48
7;143;12.88;15.86;12.74
7;144;8.16;14.9;12.86
7;145;17.43;18.06;13.95
7;146;18.1;16.77;14.17
7;147;7.41;14.47;13.62
7;148;7.45;14.3;15.29
7;149;14.7;17.44;15.82
7;150;8.5;14.02;12.8
7;151;12.69;14.2;13.29
7;152;11.05;15.43;15.78
7;153;11.42;14.66;14.76
7;154;11.82;12.41;11.17
7;155;13.76;16.59;13.63
7;156;9.81;13.96;13.39
7;157;14.62;14.1;13.6
7;158;16.71;14.96;13.31
7;159;16.76;18.74;16.0
7;160;7.72;14.0;13.7
7;161;18.4;18.8;15.24
7;162;14.56;15.62;13.3
7;163;12.26;13.84;13.5
7;164;15.56;15.85;13.89
7;165;8.52;14.3;14.2
7;166;17.97;20.52;14.21
7;167;10.49;15.78;14.11
7;168;7.87;13.48;13.05
7;169;8.52;17.37;15.87
7;170;8.69;14.35;12.32
7;171;17.38;16.73;13.45
7;172;15.58;15.46;13.24
7;173;9.18;15.17;15.17
7;174;6.0;11.77;11.83
7;175;9.47;16.3;15.57
7;176;16.12;15.61;16.61
7;177;13.83;14.57;11.3
7;178;12.2;15.25;13.77
7;179;17.24;18.25;14.39
7;180;14.49;15.97;16.08
7;181;17.36;16.92;11.58
7;182;14.79;14.6;12.13
7;183;14.01;16.64;12.67
7;184;21.46;20.23;18.19
7;185;11.55;16.18;15.75
7;186;14.08;14.5;15.78
7;187;15.78;14.97;12.51
7;188;15.89;18.45;14.02
7;189;16.87;15.79;12.08
7;190;15.64;14.97;11.51
7;191;15.55;14.35;13.16
7;192;13.13;15.74;16.63
7;193;17.62;18.33;12.27
7;194;11.32;12.71;11.49
7;195;19.01;17.95;13.54
7;196;14.38;16.64;13.6
7;197;15.23;18.12;14.63
7;198;19.73;16.19;15.3
7;199;11.79;14.28;14.97
7;200;15.48;15.86;13.9
7;201;10.96;13.83;12.19
7;202;15.07;15.59;11.6
7;203;12.4;16.63;15.21
7;204;10.82;13.73;13.51
7;205;11.25;14.96;14.83
7;206;16.47;18.88;14.83
7;207;9.11;11.52;13.93
7;208;13.74;15.75;13.17
7;209;18.08;13.19;13.33
7;210;7.67;11.7;10.97
7;211;17.1;18.23;16.11
7;212;12.15;16.32;14.05
7;213;15.85;14.82;12.59
7;214;17.66;16.01;16.27
7;215;16.04;14.87;13.53
7;216;14.08;16.47;13.29
7;217;21.83;19.28;13.53
7;218;22.66;19.63;12.17
7;219;10.55;13.24;10.43
7;220;17.37;14.61;12.66
7;221;17.13;20.89;16.64
7;222;13.22;18.11;16.27
7;223;16.74;16.29;11.97
7;224;18.55;17.02;11.37
7;225;13.8;16.75;14.55
7;226;7.15;13.92;13.21
7;227;16.89;16.36;13.67
7;228;19.23;16.81;15.3
7;229;13.03;13.0;10.87
7;230;21.55;15.56;15.25
7;231;15.39;16.94;14.67
7;232;15.0;15.59;11.57
7;233;15.41;16.2;13.17
7;234;14.83;17.74;16.87
7;235;6.83;15.24;14.91
7;236;16.01;16.83;16.32
7;237;20.15;16.48;14.75
7;238;9.14;16.39;15.31
7;239;15.29;19.36;17.41
7;240;12.2;18.37;14.99
7;241;15.62;17.86;14.86
7;242;6.31;16.24;16.25
7;243;7.22;13.8;13.5
7;244;17.33;16.47;15.1
7;245;17.51;19.48;14.21
7;246;8.95;14.91;13.8
7;247;13.72;19.1;17.3
7;248;11.15;13.75;11.94
7;249;14.44;15.4;13.12
7;250;11.57;16.82;17.09
7;251;17.6;19.9;15.66
7;252;10.2;16.58;16.04
7;253;11.95;15.76;17.15
7;254;7.44;15.87;14.37
7;255;11.59;14.28;13.31
7;256;21.65;19.4;14.65
7;257;16.76;13.58;12.8
7;258;12.9;13.07;13.79
7;259;10.64;15.84;14.68
7;260;16.32;19.54;14.14
7;261;20.11;16.28;12.47
7;262;12.63;16.16;14.63
7;263;12.04;15.08;13.44
7;264;19.55;20.15;15.8
7;265;14.2;13.47;12.71
7;266;14.34;16.3;13.06
7;267;19.24;19.41;14.13
7;268;19.59;18.06;15.07
7;269;16.53;13.52;13.19
7;270;18.03;16.42;12.27
7;271;16.93;15.57;11.2
7;272;10.78;15.17;13.67
7;273;13.98;15.06;13.62
7;274;22.43;19.8;13.81
7;275;14.13;13.99;12.54
7;276;13.92;14.58;12.62
7;277;22.64;19.75;15.17
7;278;12.98;13.99;14.55
7;279;16.05;13.77;10.76
7;280;13.86;16.83;13.23
7;281;1.78;13.18;13.14
7;282;11.68;17.44;15.48
7;283;15.98;18.56;13.88
7;284;17.57;19.05;17.42
7;285;17.59;18.75;13.72
7;286;13.67;18.44;17.97
7;287;11.45;16.18;14.13
7;288;16.38;16.66;11.44
7;289;21.77;21.2;13.89
7;290;13.24;15.09;12.61
7;291;16.33;13.94;14.15
7;292;18.86;16.32;16.5
7;293;19.45;19.61;16.64
7;294;18.01;18.12;14.21
7;295;8.74;15.73;13.95
7;296;14.3;13.94;12.86
7;297;7.11;16.35;15.02
7;298;17.24;19.03;18.23
7;299;17.92;16.94;12.2
8;0;11.63;15.76;15.85
8;1;15.05;16.05;15.3
8;2;3.92;13.82;14.16
8;3;9.39;17.17;14.96
8;4;12.05;17.68;19.71
8;5;23.42;18.56;15.96
8;6;7.73;17.07;17.78
8;7;23.68;21.57;16.17
8;8;1.53;16.81;16.56
8;9;6.2;17.76;17.3
8;10;8.4;16.81;18.31
8;11;3.27;19.52;19.13
8;12;7.03;17.2;17.75
8;13;11.54;19.6;18.06
8;14;1.44;18.47;18.59
8;15;8.04;15.25;16.19
8;16;0.81;19.09;19.06
8;17;17.15;17.17;14.44
8;18;10.44;15.42;15.48
8;19;9.7;17.97;18.63
8;20;13.38;15.73;17.33
8;21;5.68;15.28;16.26
8;22;14.07;17.81;15.18
8;23;12.69;18.5;17.93
8;24;3.49;16.71;15.14
8;25;11.94;14.01;13.39
8;26;3.68;16.32;15.56
8;27;5.23;18.59;18.2
8;28;15.54;15.35;15.89
8;29;5.17;19.77;19.22
8;30;0.31;16.94;17.01
8;31;14.51;14.23;14.7
8;32;13.61;16.67;16.14
8;33;2.79;19.3;20.41
8;34;20.01;17.55;16.28
8;35;10.91;15.1;16.95
8;36;13.15;20.74;20.31
8;37;17.34;19.88;19.32
8;38;15.4;18.35;20.71
8;39;22.31;19.86;16.57
8;40;5.34;13.93;13.67
8;41;5.98;19.78;20.7
8;42;3.54;15.63;15.99
8;43;4.46;16.35;17.07
8;44;10.23;20.63;19.0
8;45;7.92;18.11;17.53
8;46;14.46;21.0;19.54
8;47;4.2;16.04;16.92
8;48;13.28;15.34;17.54
8;49;3.39;17.61;18.14
8;50;11.91;17.61;16.96
8;51;14.88;16.85;16.73
8;52;18.98;19.87;18.33
8;53;3.95;16.56;17.77
8;54;6.13;16.78;16.27
8;55;3.69;14.7;15.07
8;56;10.22;16.51;15.71
8;57;16.01;17.26;15.69
8;58;3.47;18.1;18.07
8;59;22.26;21.39;16.85
8;60;20.64;16.54;18.38
8;61;15.92;18.2;17.82
8;62;2.71;17.49;17.12
8;63;18.2;18.92;15.94
8;64;20.23;18.29;16.52
8;65;7.21;14.66;16.53
8;66;15.98;17.31;16.31
8;67;20.84;18.82;17.18
8;68;4.64;15.6;15.52
8;69;3.24;16.33;15.27
8;70;4.02;19.86;18.42
8;71;15.07;16.63;17.04
8;72;6.26;15.91;15.75
8;73;10.18;18.35;18.29
8;74;7.88;17.97;18.41
8;75;6.17;17.53;16.94
8;76;7.74;16.06;16.54
8;77;4.05;18.66;18.39
8;78;24.12;23.77;17.03
8;79;6.39;14.36;15.21
8;80;2.21;19.66;19.55
8;81;4.64;17.75;17.45
8;82;16.48;17.23;16.87
8;83;4.25;16.6;17.81
8;84;17.03;18.42;18.95
8;85;11.7;15.52;17.9
8;86;6.63;17.49;17.64
8;87;11.66;16.83;18.27
8;88;22.22;21.41;18.87
8;89;8.0;15.25;17.51
8;90;3.53;18.39;18.68
8;91;1.82;16.49;15.89
8;92;19.44;18.26;17.66
8;93;19.83;19.89;17.18
8;94;2.55;16.44;16.83
8;95;2.09;20.48;19.71
8;96;6.54;14.2;13.9
8;97;18.1;16.83;19.21
8;98;19.74;16.48;19.32
8;99;4.13;17.91;18.38
8;100;5.12;18.59;17.21
8;101;6.79;14.65;14.4
8;102;1.14;18.38;18.1
8;103;13.34;13.81;13.77
8;104;22.13;19.84;18.61
8;105;14.2;16.54;18.26
8;106;15.85;19.08;20.47
8;107;9.28;19.79;20.79
8;108;15.56;15.58;16.76
8;109;19.04;14.38;14.84
8;110;4.86;16.08;15.76
8;111;7.39;14.43;17.56
8;112;17.25;18.05;16.56
8;113;9.47;15.08;14.23
8;114;23.36;19.38;18.1
8;115;9.99;15.16;15.69
8;116;16.16;16.01;17.31
8;117;11.45;16.29;18.0
8;118;21.0;20.32;15.96
8;119;18.74;19.71;17.81
8;120;18.69;18.02;14.03
8;121;12.22;16.45;18.23
8;122;5.78;17.49;18.27
8;123;3.93;14.7;16.23
8;124;11.22;16.13;17.19
8;125;19.19;18.96;18.79
8;126;5.79;20.44;21.13
8;127;18.21;21.99;21.82
8;128;6.02;17.1;17.5
8;129;1.45;16.44;16.23
8;130;7.28;14.11;15.29
8;131;2.07;19.1;19.21
8;132;23.93;20.45;16.8
8;133;5.96;14.51;15.79
8;134;14.46;15.73;17.23
8;135;18.08;17.38;15.52
8;136;5.7;16.79;17.83
8;137;19.06;17.17;17.17
8;138;2.75;15.12;15.17
8;139;21.13;20.42;15.97
8;140;14.65;14.72;14.19
8;141;13.07;15.97;15.54
8;142;10.28;20.69;20.19
8;143;1.3;14.95;14.89
8;144;12.14;17.8;14.9
8;145;3.06;14.09;14.21
8;146;8.17;17.99;18.4
8;147;2.68;14.36;15.2
8;148;17.33;16.0;18.47
8;149;9.56;15.77;16.91
8;150;14.57;15.73;15.58
8;151;16.74;16.03;16.67
8;152;16.02;15.8;14.62
8;153;9.5;15.97;15.87
8;154;1.73;15.94;16.07
8;155;19.28;19.64;16.56
8;156;20.64;18.16;17.82
8;157;12.37;15.91;16.7
8;158;15.36;17.44;20.02
8;159;13.65;16.85;14.6
8;160;2.21;14.9;15.43
8;161;13.22;15.21;16.37
8;162;20.07;16.62;17.03
8;163;3.53;15.46;15.69
8;164;20.68;19.87;16.21
8;165;2.8;17.61;17.71
8;166;21.26;19.17;16.21
8;167;7.91;15.62;15.59
8;168;6.14;16.99;16.93
8;169;7.44;17.03;16.19
8;170;13.08;17.21;17.31
8;171;8.26;16.22;15.42
8;172;13.35;15.84;18.61
8;173;16.35;18.6;18.07
8;174;5.12;21.48;19.46
8;175;15.42;19.19;17.83
8;176;1.78;15.72;15.52
8;177;14.41;17.06;16.89
8;178;2.42;15.77;16.35
8;179;5.71;19.15;19.98
8;180;16.99;20.3;18.71
8;181;9.35;16.45;18.48
8;182;8.15;15.37;15.58
8;183;10.71;15.67;18.0
8;184;11.97;14.86;18.15
8;185;9.74;15.33;14.41
8;186;17.13;16.9;20.89
8;187;8.26;16.86;16.82
8;188;3.18;18.43;17.69
8;189;10.3;13.64;15.78
8;190;6.91;14.44;14.81
8;191;5.77;14.26;14.79
8;192;15.49;18.82;17.77
8;193;15.63;16.87;14.62
8;194;3.49;19.28;18.95
8;195;2.04;17.87;17.21
8;196;3.06;16.34;16.7
8;197;2.53;15.1;13.79
8;198;21.31;16.36;17.63
8;199;15.75;18.86;18.27
8;200;3.74;17.62;17.5
8;201;4.04;17.97;18.59
8;202;2.81;16.47;16.88
8;203;6.54;15.83;16.27
8;204;18.65;17.2;13.31
8;205;5.6;16.29;16.21
8;206;3.02;17.33;18.29
8;207;15.18;16.02;15.24
8;208;9.61;19.65;18.48
8;209;2.43;13.88;13.77
8;210;10.79;15.6;16.73
8;211;7.35;17.0;17.53
8;212;10.21;21.07;22.36
8;213;1.37;13.7;13.61
8;214;4.71;17.79;17.4
8;215;19.65;15.72;16.03
8;216;22.28;20.73;19.61
8;217;20.01;18.12;19.47
8;218;5.79;16.9;17.35
8;219;16.09;19.26;20.23
8;220;3.67;13.69;14.06
8;221;13.66;15.06;14.06
8;222;9.3;17.84;17.48
8;223;13.98;18.27;15.51
8;224;2.35;17.78;17.41
8;225;1.52;14.28;14.6
8;226;9.25;15.6;17.37
8;227;17.87;19.24;15.87
8;228;8.13;18.17;16.46
8;229;2.11;15.22;14.69
8;230;17.19;17.02;17.09
8;231;17.98;17.24;15.66
8;232;2.55;14.75;14.66
8;233;16.02;17.26;18.68
8;234;1.99;14.72;13.63
8;235;7.85;16.88;17.87
8;236;13.43;14.89;14.82
8;237;22.39;17.62;17.29
8;238;17.01;17.77;15.54
8;239;14.57;19.99;17.22
8;240;4.0;16.51;17.39
8;241;12.84;14.87;15.33
8;242;14.05;15.97;17.24
8;243;13.13;19.53;18.58
8;244;3.95;14.43;14.16
8;245;8.28;16.58;16.1
8;246;3.82;18.83;18.59
8;247;3.1;15.26;15.26
8;248;18.12;17.1;16.98
8;249;13.08;17.73;14.25
8;250;16.42;22.17;21.17
8;251;13.59;16.37;18.66
8;252;9.75;18.42;16.65
8;253;13.27;15.25;13.46
8;254;12.55;15.66;15.71
8;255;2.2;17.23;16.81
8;256;15.18;18.03;20.35
8;257;7.62;14.17;15.79
8;258;10.39;16.45;16.5
8;259;8.8;17.1;15.42
8;260;4.98;16.27;18.15
8;261;9.53;17.7;20.61
8;262;13.86;15.63;14.31
8;263;3.35;15.92;15.49
8;264;3.14;15.29;15.29
8;265;23.02;19.62;17.24
8;266;4.85;16.0;16.03
8;267;5.45;15.83;15.92
8;268;12.38;14.86;14.84
8;269;7.82;15.7;14.38
8;270;2.58;19.46;19.16
8;271;5.87;15.25;15.64
8;272;9.9;18.12;17.3
8;273;7.59;14.05;16.02
8;274;10.91;14.73;17.0
8;275;13.61;15.37;16.44
8;276;9.26;16.34;16.22
8;277;5.48;17.74;17.36
8;278;16.98;17.7;15.64
8;279;13.66;17.4;15.18
8;280;14.1;17.66;17.82
8;281;6.1;17.95;19.17
8;282;14.41;15.79;14.46
8;283;17.47;19.9;15.95
8;284;23.78;22.63;15.41
8;285;6.81;14.74;16.37
8;286;4.28;18.26;18.06
8;287;15.96;16.6;17.92
8;288;2.82;17.36;17.2
8;289;6.41;14.14;13.61
8;290;15.2;17.58;16.9
8;291;2.49;15.97;14.94
8;292;3.01;15.8;15.77
8;293;7.37;16.63;15.62
8;294;2.11;15.68;15.83
8;295;20.57;17.9;17.91
8;296;9.5;16.84;16.88
8;297;5.25;17.92;17.67
8;298;6.31;15.15;15.14
8;299;21.25;18.44;19.13
9;0;0.81;19.01;18.88
9;1;2.78;19.35;19.45
9;2;2.24;22.27;22.55
9;3;4.75;20.26;19.91
9;4;0.37;17.92;17.73
9;5;11.09;20.62;22.97
9;6;10.58;19.09;18.61
9;7;0.16;19.05;19.05
9;8;5.07;17.7;19.35
9;9;5.17;16.34;16.79
9;10;5.71;20.38;21.87
9;11;25.05;19.46;20.21
9;12;6.18;18.49;19.25
9;13;6.04;17.95;19.17
9;14;8.33;22.52;24.69
9;15;1.78;18.33;17.81
9;16;0.44;17.15;16.99
9;17;6.58;19.18;18.68
9;18;1.13;17.54;17.59
9;19;0.04;20.42;20.38
9;20;2.37;19.25;19.34
9;21;3.44;20.94;20.66
9;22;10.41;18.02;19.19
9;23;19.72;16.61;21.59
9;24;2.93;18.32;20.25
9;25;9.48;19.27;19.27
9;26;1.1;20.28;19.76
9;27;7.98;21.38;22.9
9;28;2.84;19.06;19.88
9;29;2.16;23.23;23.75
9;30;8.08;19.01;22.33
9;31;1.3;18.88;18.88
9;32;3.39;18.83;17.72
9;33;0.84;17.44;17.22
9;34;12.03;18.89;19.96
9;35;2.49;17.2;17.77
9;36;2.37;21.72;21.27
9;37;1.76;17.71;18.05
9;38;1.93;22.36;22.71
9;39;12.69;18.96;18.83
9;40;1.72;19.67;20.53
9;41;3.01;19.23;18.72
9;42;12.12;18.96;19.82
9;43;11.84;20.03;21.89
9;44;19.67;20.5;23.75
9;45;4.86;19.26;18.54
9;46;15.36;18.8;20.66
9;47;0.81;18.21;17.64
9;48;7.33;19.65;18.92
9;49;1.1;16.96;17.04
9;50;4.32;18.46;17.06
9;51;2.37;20.04;20.41
9;52;13.86;17.33;15.99
9;53;3.0;19.32;19.34
9;54;2.18;21.8;22.16
9;55;11.75;17.27;19.28
9;56;4.33;19.38;20.03
9;57;1.55;19.65;19.72
9;58;4.17;17.72;18.63
9;59;2.73;20.78;20.85
9;60;5.4;20.58;21.5
9;61;6.4;24.19;24.95
9;62;1.27;17.5;17.47
9;63;5.8;18.24;20.0
9;64;3.77;16.31;16.8
9;65;3.06;17.15;17.45
9;66;18.48;22.71;17.95
9;67;2.05;18.94;18.81
9;68;2.36;19.24;19.58
9;69;1.28;20.38;20.34
9;70;1.19;18.91;18.52
9;71;0.19;17.47;17.66
9;72;3.35;20.64;20.83
9;73;0.72;18.66;18.68
9;74;3.51;18.89;17.64
9;75;8.85;20.36;21.75
9;76;9.64;18.51;20.87
9;77;1.44;22.93;22.99
9;78;1.74;20.69;20.91
9;79;4.03;18.75;18.3
9;80;10.02;18.62;19.8
9;81;3.68;18.3;18.44
9;82;12.84;15.64;20.54
9;83;14.27;19.38;24.67
9;84;1.56;21.52;22.24
9;85;4.53;21.55;22.26
9;86;8.51;20.93;22.02
9;87;13.27;21.99;23.94
9;88;1.15;19.79;19.66
9;89;14.29;20.39;21.52
9;90;5.05;17.87;20.02
9;91;23.03;22.33;22.98
9;92;1.27;21.59;21.6
9;93;3.18;16.16;16.2
9;94;1.86;17.78;17.36
9;95;2.3;19.48;18.42
9;96;5.56;17.57;18.97
9;97;9.7;16.51;21.95
9;98;2.18;19.76;20.12
9;99;1.77;19.9;20.25
9;100;4.7;17.93;18.77
9;101;14.16;19.52;20.28
9;102;2.81;14.71;15.52
9;103;5.57;18.63;18.5
9;104;4.85;18.1;17.75
9;105;9.64;18.93;19.35
9;106;3.44;16.87;16.99
9;107;4.37;20.9;21.03
9;108;8.78;20.64;26.5
9;109;4.74;16.9;19.12
9;110;1.26;19.92;19.64
9;111;12.92;15.12;18.92
9;112;7.55;19.62;20.31
9;113;15.9;15.16;19.76
9;114;13.4;18.57;20.25
9;115;0.0;16.84;16.84
9;116;6.45;17.89;18.98
9;117;7.4;16.12;18.76
9;118;1.69;19.39;19.7
9;119;1.78;16.8;16.32
9;120;0.5;18.48;18.1
9;121;4.98;17.94;19.08
9;122;2.18;19.72;19.04
9;123;2.43;16.22;16.43
9;124;1.8;21.01;21.15
9;125;3.8;20.23;20.47
9;126;4.43;19.23;19.62
9;127;11.94;19.47;21.41
9;128;4.12;18.25;20.29
9;129;5.15;16.03;15.6
9;130;6.35;20.59;21.78
9;131;1.45;19.83;19.16
9;132;1.5;20.34;20.04
9;133;1.9;20.5;19.9
9;134;6.92;17.31;19.91
9;135;9.43;18.18;20.19
9;136;1.04;16.11;15.79
9;137;6.74;13.34;14.9
9;138;1.76;18.5;18.6
9;139;5.95;18.15;18.84
9;140;1.29;17.97;18.14
9;141;8.75;18.32;17.85
9;142;14.82;18.14;19.74
9;143;2.8;17.34;17.74
9;144;4.81;15.81;19.32
9;145;15.27;16.19;19.06
9;146;4.93;16.48;19.51
9;147;12.65;19.93;22.54
9;148;23.62;21.71;19.73
9;149;2.62;19.06;18.7
9;150;9.33;20.1;19.79
9;151;11.87;18.02;17.49
9;152;9.89;20.71;23.46
9;153;4.62;18.96;19.74
9;154;8.37;17.7;18.67
9;155;0.68;18.99;18.57
9;156;1.34;19.04;19.24
9;157;6.03;16.43;18.72
9;158;1.56;18.03;17.59
9;159;0.53;18.94;18.65
9;160;11.31;18.93;17.52
9;161;2.19;19.05;19.42
9;162;3.23;17.54;17.95
9;163;1.39;19.87;19.94
9;164;13.0;18.98;19.44
9;165;2.18;19.53;19.89
9;166;1.21;20.29;19.98
9;167;1.08;17.11;17.07
9;168;2.82;18.0;17.48
9;169;3.34;18.28;17.48
9;170;4.0;19.08;19.8
9;171;15.81;20.5;20.37
9;172;4.9;16.64;18.9
9;173;3.19;19.37;19.62
9;174;2.24;20.09;20.67
9;175;4.36;19.96;20.28
9;176;6.89;18.77;16.7
9;177;3.34;17.19;17.29
9;178;6.52;17.69;18.37
9;179;4.98;18.1;18.86
9;180;1.64;15.13;15.33
9;181;0.23;20.6;20.49
9;182;1.99;22.94;22.93
9;183;10.42;16.32;19.44
9;184;2.69;19.09;18.72
9;185;3.13;22.11;23.1
9;186;3.3;20.02;20.18
9;187;0.66;20.37;19.81
9;188;1.51;20.64;20.47
9;189;11.49;20.3;21.37
9;190;8.36;15.23;20.11
9;191;2.68;18.42;18.58
9;192;2.6;19.54;19.66
9;193;11.52;18.71;19.27
9;194;2.5;23.12;22.62
9;195;7.07;21.05;23.28
9;196;2.4;19.08;17.78
9;197;2.58;17.01;16.83
9;198;0.6;22.1;21.86
9;199;14.48;17.64;17.84
9;200;6.04;21.51;22.47
9;201;5.94;17.37;16.85
9;202;6.8;18.16;20.1
9;203;9.54;21.25;21.07
9;204;9.02;19.02;20.9
9;205;12.34;18.82;21.58
9;206;3.22;17.01;16.77
9;207;12.24;16.87;20.21
9;208;1.32;19.1;19.32
9;209;1.04;19.05;18.71
9;210;2.26;15.85;15.33
9;211;12.15;18.42;16.97
9;212;2.98;20.13;19.59
9;213;3.83;20.75;21.84
9;214;11.31;20.78;22.73
9;215;8.57;18.69;22.86
9;216;4.97;17.46;17.25
9;217;8.76;17.0;18.38
9;218;2.57;19.2;18.59
9;219;13.96;20.74;22.34
9;220;3.31;20.63;20.96
9;221;2.44;17.14;18.38
9;222;16.42;20.94;18.76
9;223;4.27;19.18;17.87
9;224;4.5;16.96;17.38
9;225;6.45;16.2;18.03
9;226;7.01;20.71;21.14
9;227;1.85;18.05;17.8
9;228;6.47;22.94;23.47
9;229;10.63;18.78;20.37
9;230;2.17;20.04;20.63
9;231;0.48;18.43;18.59
9;232;9.55;17.15;16.08
9;233;5.97;17.12;18.51
9;234;0.73;22.07;22.16
9;235;2.53;17.9;18.31
9;236;2.85;17.99;17.92
9;237;1.92;15.85;15.57
9;238;1.91;20.42;20.97
9;239;3.2;19.48;19.6
9;240;10.65;20.45;20.9
9;241;18.49;20.54;18.09
9;242;2.17;16.49;17.62
9;243;0.75;22.42;22.37
9;244;4.43;17.86;18.69
9;245;11.32;21.23;22.67
9;246;4.18;17.35;18.27
9;247;1.57;18.09;18.22
9;248;4.0;18.02;17.96
9;249;1.48;20.04;19.98
9;250;2.69;18.03;19.78
9;251;1.06;16.42;16.54
9;252;6.37;20.42;21.65
9;253;10.21;16.73;19.18
9;254;13.98;16.97;16.57
9;255;11.19;16.97;19.94
9;256;6.87;16.33;18.76
9;257;4.37;17.02;18.15
9;258;4.64;20.97;22.69
9;259;4.92;18.59;19.73
9;260;1.6;16.8;16.54
9;261;10.5;16.03;16.03
9;262;6.99;14.58;17.51
9;263;11.89;18.06;18.71
9;264;13.56;18.74;21.48
9;265;6.38;20.86;19.88
9;266;4.18;19.34;20.46
9;267;3.76;21.36;21.76
9;268;6.91;17.63;16.76
9;269;3.54;20.56;21.02
9;270;1.01;21.16;20.65
9;271;11.94;16.42;20.66
9;272;6.97;20.4;22.29
9;273;2.15;18.46;19.05
9;274;3.09;18.62;18.19
9;275;1.12;18.35;18.75
9;276;5.48;19.15;19.39
9;277;0.53;18.3;18.31
9;278;2.02;18.06;18.6
9;279;22.02;23.77;19.25
9;280;8.9;15.25;15.93
9;281;7.18;19.48;18.82
9;282;3.73;18.12;18.45
9;283;3.98;18.79;19.09
9;284;3.49;20.6;20.51
9;285;3.83;15.45;15.62
9;286;6.55;20.08;19.63
9;287;3.54;19.34;19.62
9;288;1.9;19.73;19.03
9;289;16.99;17.44;18.97
9;290;3.2;19.4;19.42
9;291;2.06;17.2;16.6
9;292;2.45;19.77;19.06
9;293;7.88;18.17;19.21
9;294;8.77;17.84;18.61
9;295;6.04;22.68;22.98
9;296;24.34;21.68;20.4
9;297;18.32;19.82;20.5
9;298;7.05;18.49;20.58
9;299;1.79;18.14;17.51
10;0;1.97;20.13;19.6
10;1;0.86;18.58;18.38
10;2;0.67;21.38;21.63
10;3;22.66;16.25;20.71
10;4;2.36;17.51;17.81
10;5;2.71;20.99;21.66
10;6;1.68;18.65;18.79
10;7;2.13;21.82;21.17
10;8;1.82;20.98;20.96
10;9;11.32;19.01;22.05
10;10;1.51;18.74;18.77
10;11;1.13;19.84;19.69
10;12;3.6;21.53;21.99
10;13;0.2;17.59;17.57
10;14;1.33;20.75;20.56
10;15;5.03;21.15;22.1
10;16;1.68;21.35;21.79
10;17;1.42;22.84;23.2
10;18;7.71;20.82;23.29
10;19;2.8;19.38;19.82
10;20;0.0;22.47;22.47
10;21;6.65;17.92;19.27
10;22;4.82;20.71;21.95
10;23;1.04;20.11;20.47
10;24;0.81;18.85;18.78
10;25;0.0;25.43;25.43
10;26;1.21;21.33;21.5
10;27;1.14;22.53;22.19
10;28;1.75;20.54;20.65
10;29;2.67;17.17;18.02
10;30;0.0;19.4;19.4
10;31;0.34;18.82;18.52
10;32;0.0;20.88;20.88
10;33;1.33;20.02;20.07
10;34;5.35;17.64;19.43
10;35;2.59;18.75;18.88
10;36;1.59;19.51;20.2
10;37;0.36;22.19;22.27
10;38;0.13;26.34;26.43
10;39;0.84;25.51;25.63
10;40;5.61;21.73;22.4
10;41;7.26;23.58;25.28
10;42;2.97;19.63;20.7
10;43;5.58;21.37;20.55
10;44;1.11;25.06;25.19
10;45;0.31;20.89;20.82
10;46;0.74;20.96;21.26
10;47;0.56;21.04;21.1
10;48;1.99;21.55;21.66
10;49;3.1;24.75;24.67
10;50;0.36;18.07;18.35
10;51;10.97;19.76;21.99
10;52;3.9;21.38;20.7
10;53;0.63;20.59;20.56
10;54;2.53;20.2;20.81
10;55;0.63;24.48;24.33
10;56;2.46;25.61;24.61
10;57;1.89;19.22;19.67
10;58;3.52;21.98;22.08
10;59;1.65;22.52;22.03
10;60;2.58;25.02;26.16
10;61;10.64;16.59;23.21
10;62;0.65;21.88;21.83
10;63;2.32;20.71;22.49
10;64;2.83;21.18;20.83
10;65;4.38;19.84;20.36
10;66;0.41;21.16;21.13
10;67;6.95;22.96;24.23
10;68;4.01;22.08;21.19
10;69;0.75;21.03;20.76
10;70;1.26;20.99;20.81
10;71;3.49;18.19;18.84
10;72;1.21;21.38;20.97
10;73;0.0;17.73;17.73
10;74;1.52;19.45;19.07
10;75;3.06;22.16;21.42
10;76;2.61;20.51;20.36
10;77;0.17;18.84;18.93
10;78;0.0;18.86;18.86
10;79;2.39;20.19;20.46
10;80;0.64;22.82;23.06
10;81;12.2;14.66;20.56
10;82;3.58;16.84;16.74
10;83;2.19;21.46;22.05
10;84;1.25;23.51;23.58
10;85;0.73;23.71;23.62
10;86;3.52;19.5;19.58
10;87;5.29;20.45;22.78
10;88;4.35;21.48;20.83
10;89;3.02;21.66;20.1
10;90;1.02;22.51;22.81
10;91;2.38;21.18;21.38
10;92;0.55;16.5;16.25
10;93;2.75;21.93;21.38
10;94;2.11;21.6;22.01
10;95;0.0;19.65;19.65
10;96;0.0;18.48;18.48
10;97;1.42;21.18;21.14
10;98;0.42;22.23;22.39
10;99;3.61;20.92;22.05
10;100;4.03;17.41;17.92
10;101;0.47;21.8;21.81
10;102;0.34;21.69;21.57
10;103;1.87;19.74;19.25
10;104;0.57;22.26;22.17
10;105;8.12;19.95;22.39
10;106;0.97;22.34;22.11
10;107;4.4;20.99;21.01
10;108;1.79;22.92;23.37
10;109;2.77;18.08;18.15
10;110;5.41;21.44;19.05
10;111;0.58;21.63;21.37
10;112;1.17;22.48;22.37
10;113;3.63;19.87;20.02
10;114;1.78;18.18;18.86
10;115;2.05;19.97;19.12
10;116;1.95;18.11;18.36
10;117;1.64;24.58;25.28
10;118;0.65;21.44;20.95
10;119;1.59;18.92;18.89
10;120;1.02;18.45;18.59
10;121;2.96;23.54;23.98
10;122;3.45;23.05;23.76
10;123;0.63;17.15;17.16
10;124;8.92;20.65;23.91
10;125;4.32;19.22;20.0
10;126;0.14;20.96;20.82
10;127;1.26;20.55;20.85
10;128;0.61;25.62;25.51
10;129;1.46;20.98;21.42
10;130;5.04;25.63;27.81
10;131;2.85;18.93;18.82
10;132;0.32;28.16;27.9
10;133;1.29;20.74;20.63
10;134;4.72;21.23;21.85
10;135;1.33;18.24;18.11
10;136;1.02;21.13;21.45
10;137;0.62;20.21;20.11
10;138;0.12;23.33;23.23
10;139;5.41;22.97;24.06
10;140;2.0;22.08;21.6
10;141;1.67;16.81;15.92
10;142;4.3;20.57;20.79
10;143;0.96;21.88;21.7
10;144;2.11;21.66;22.33
10;145;0.0;21.77;21.77
10;146;0.0;24.06;24.06
10;147;1.67;18.63;18.32
10;148;1.07;19.27;19.2
10;149;4.63;21.7;21.51
10;150;0.86;22.07;21.95
10;151;1.91;19.38;19.67
10;152;0.0;18.06;18.06
10;153;0.99;21.71;21.68
10;154;1.39;23.21;23.0
10;155;2.78;19.75;19.49
10;156;1.33;22.78;22.13
10;157;18.36;20.4;20.34
10;158;1.07;21.07;21.16
10;159;2.09;21.74;22.17
10;160;1.91;23.43;24.12
10;161;4.96;21.89;22.63
10;162;2.3;21.54;21.06
10;163;2.82;22.96;22.62
10;164;2.58;20.39;20.99
10;165;4.17;18.61;19.42
10;166;0.0;19.86;19.86
10;167;0.2;23.02;23.1
10;168;10.31;23.46;23.93
10;169;0.33;18.35;18.14
10;170;0.84;19.36;19.0
10;171;2.62;18.93;19.33
10;172;1.72;19.64;19.02
10;173;0.6;21.3;21.06
10;174;1.96;22.09;22.19
10;175;2.78;20.23;20.41
10;176;2.34;23.96;24.16
10;177;4.03;24.94;24.69
10;178;1.93;22.2;22.05
10;179;0.68;21.75;21.21
10;180;0.95;23.6;23.59
10;181;0.11;22.63;22.54
10;182;1.32;21.91;22.13
10;183;0.81;19.18;18.69
10;184;1.4;14.69;14.65
10;185;1.43;21.81;22.32
10;186;0.0;18.9;18.9
10;187;1.24;22.28;22.0
10;188;0.72;19.69;19.79
10;189;1.61;19.88;20.21
10;190;1.07;19.67;19.26
10;191;1.02;19.97;19.95
10;192;5.24;20.51;20.51
10;193;2.32;20.23;21.31
10;194;2.3;18.72;19.72
10;195;1.33;19.84;19.79
10;196;5.0;25.07;25.87
10;197;2.64;21.3;22.1
10;198;1.23;20.2;20.57
10;199;0.06;20.37;20.43
10;200;3.07;21.26;21.23
10;201;1.7;19.81;19.41
10;202;5.18;22.35;24.17
10;203;0.69;21.69;21.6
10;204;0.38;20.49;20.71
10;205;1.73;24.0;23.87
10;206;0.48;19.69;19.69
10;207;4.14;23.61;23.63
10;208;2.99;19.04;19.53
10;209;22.17;22.43;19.74
10;210;0.83;24.02;23.41
10;211;1.8;26.03;26.05
10;212;0.4;21.47;21.49
10;213;2.27;20.38;20.89
10;214;2.34;21.68;21.82
10;215;1.04;21.41;21.13
10;216;0.76;20.27;20.17
10;217;4.81;23.35;23.08
10;218;1.62;20.6;20.56
10;219;3.65;23.52;23.81
10;220;3.73;23.14;24.65
10;221;1.71;21.81;22.1
10;222;2.42;23.51;23.63
10;223;0.51;17.96;18.23
10;224;1.45;23.32;23.33
10;225;0.99;21.93;22.32
10;226;1.01;18.94;19.37
10;227;4.71;25.55;25.84
10;228;3.4;21.23;21.59
10;229;1.7;21.56;21.2
10;230;1.39;22.1;22.49
10;231;2.37;19.62;19.71
10;232;0.71;20.97;20.66
10;233;0.86;22.68;22.72
10;234;3.9;19.09;19.83
10;235;4.38;18.99;20.79
10;236;2.09;20.22;19.15
10;237;2.67;20.01;20.76
10;238;2.26;21.43;22.37
10;239;2.81;19.14;19.39
10;240;0.3;24.23;24.41
10;241;5.22;20.94;22.68
10;242;1.06;24.51;24.57
10;243;2.17;20.57;21.42
10;244;0.85;21.03;20.9
10;245;1.44;23.33;23.81
10;246;3.22;23.57;22.51
10;247;0.0;21.63;21.63
10;248;8.03;20.34;22.37
10;249;0.0;18.0;18.0
10;250;4.37;19.43;19.44
10;251;3.28;22.61;23.59
10;252;1.05;19.27;19.82
10;253;1.38;18.72;18.68
10;254;0.0;20.85;20.85
10;255;5.19;20.96;21.39
10;256;5.89;27.93;29.8
10;257;2.14;18.75;19.89
10;258;1.34;22.83;22.27
10;259;0.56;19.83;20.05
10;260;10.12;18.32;21.56
10;261;0.17;21.92;21.95
10;262;2.45;21.83;22.24
10;263;0.51;23.07;22.94
10;264;0.36;20.16;20.22
10;265;1.69;20.0;19.71
10;266;1.21;21.45;20.64
10;267;4.19;22.84;23.01
10;268;21.72;21.91;21.77
10;269;0.7;24.44;24.58
10;270;0.28;19.64;19.72
10;271;2.97;25.3;25.25
10;272;0.26;23.0;23.06
10;273;16.65;19.38;22.79
10;274;6.85;19.91;20.14
10;275;3.04;15.78;16.38
10;276;3.15;23.06;23.19
10;277;0.0;16.92;16.92
10;278;3.72;19.46;20.92
10;279;0.75;20.29;19.96
10;280;4.46;19.88;20.9
10;281;2.31;24.73;24.26
10;282;2.07;20.97;21.16
10;283;0.67;19.66;20.05
10;284;2.93;23.46;22.71
10;285;5.14;14.09;17.83
10;286;0.0;21.62;21.62
10;287;3.64;17.32;16.8
10;288;2.15;25.59;24.94
10;289;17.93;12.55;20.32
10;290;0.32;19.19;19.29
10;291;3.03;24.23;24.16
10;292;2.61;20.4;20.09
10;293;0.35;21.32;21.15
10;294;0.73;23.17;23.28
10;295;4.6;23.26;24.4
10;296;0.81;19.32;19.17
10;297;4.27;22.35;23.08
10;298;1.16;20.66;20.98
10;299;0.3;18.7;18.92
