Dimensions;Index;min;product;lukasiewicz
3;0;0.14;0.25;0.12
3;1;0.19;0.25;0.12
3;2;0.15;0.23;0.12
3;3;0.19;0.25;0.12
3;4;0.17;0.24;0.13
3;5;0.19;0.23;0.13
3;6;0.18;0.24;0.12
3;7;0.16;0.22;0.12
3;8;0.17;0.24;0.13
3;9;0.19;0.27;0.13
3;10;0.18;0.26;0.13
3;11;0.16;0.22;0.11
3;12;0.18;0.23;0.13
3;13;0.19;0.24;0.12
3;14;0.17;0.25;0.13
3;15;0.17;0.25;0.12
3;16;0.17;0.21;0.11
3;17;0.15;0.22;0.11
3;18;0.19;0.26;0.12
3;19;0.2;0.24;0.12
3;20;0.16;0.26;0.13
3;21;0.15;0.2;0.12
3;22;0.15;0.22;0.1
3;23;0.18;0.26;0.13
3;24;0.16;0.21;0.1
3;25;0.14;0.21;0.11
3;26;0.19;0.24;0.12
3;27;0.17;0.23;0.13
3;28;0.17;0.25;0.13
3;29;0.16;0.22;0.11
3;30;0.18;0.26;0.13
3;31;0.17;0.25;0.12
3;32;0.18;0.25;0.13
3;33;0.17;0.22;0.1
3;34;0.17;0.22;0.12
3;35;0.17;0.25;0.12
3;36;0.16;0.25;0.12
3;37;0.16;0.23;0.11
3;38;0.16;0.24;0.1
3;39;0.16;0.23;0.13
3;40;0.16;0.21;0.11
3;41;0.17;0.23;0.11
3;42;0.18;0.25;0.13
3;43;0.19;0.24;0.13
3;44;0.19;0.22;0.12
3;45;0.18;0.22;0.12
3;46;0.19;0.23;0.11
3;47;0.17;0.23;0.11
3;48;0.17;0.23;0.12
3;49;0.15;0.25;0.12
3;50;0.19;0.27;0.13
3;51;0.18;0.22;0.12
3;52;0.18;0.25;0.12
3;53;0.16;0.23;0.12
3;54;0.16;0.22;0.12
3;55;0.16;0.24;0.12
3;56;0.17;0.22;0.12
3;57;0.2;0.22;0.13
3;58;0.17;0.2;0.12
3;59;0.15;0.24;0.12
3;60;0.17;0.25;0.12
3;61;0.16;0.21;0.11
3;62;0.17;0.25;0.13
3;63;0.15;0.25;0.13
3;64;0.16;0.23;0.12
3;65;0.15;0.22;0.12
3;66;0.17;0.24;0.11
3;67;0.17;0.26;0.12
3;68;0.17;0.25;0.13
3;69;0.14;0.24;0.11
3;70;0.15;0.23;0.12
3;71;0.16;0.25;0.12
3;72;0.21;0.25;0.13
3;73;0.17;0.23;0.12
3;74;0.18;0.25;0.12
3;75;0.16;0.22;0.12
3;76;0.16;0.25;0.12
3;77;0.14;0.24;0.11
3;78;0.15;0.22;0.11
3;79;0.2;0.26;0.13
3;80;0.15;0.24;0.11
3;81;0.15;0.23;0.11
3;82;0.18;0.22;0.11
3;83;0.15;0.22;0.12
3;84;0.16;0.27;0.12
3;85;0.18;0.23;0.11
3;86;0.18;0.26;0.12
3;87;0.2;0.27;0.13
3;88;0.17;0.23;0.12
3;89;0.17;0.24;0.13
3;90;0.16;0.21;0.12
3;91;0.15;0.21;0.12
3;92;0.16;0.2;0.11
3;93;0.15;0.23;0.11
3;94;0.18;0.24;0.11
3;95;0.16;0.21;0.11
3;96;0.18;0.24;0.12
3;97;0.19;0.25;0.13
3;98;0.18;0.21;0.12
3;99;0.18;0.23;0.12
3;100;0.15;0.23;0.11
3;101;0.14;0.25;0.12
3;102;0.13;0.23;0.1
3;103;0.18;0.25;0.12
3;104;0.18;0.21;0.12
3;105;0.16;0.22;0.12
3;106;0.18;0.23;0.12
3;107;0.17;0.24;0.12
3;108;0.17;0.21;0.11
3;109;0.17;0.23;0.12
3;110;0.14;0.22;0.12
3;111;0.19;0.25;0.12
3;112;0.17;0.24;0.12
3;113;0.15;0.17;0.11
3;114;0.18;0.26;0.11
3;115;0.17;0.23;0.13
3;116;0.18;0.25;0.12
3;117;0.16;0.22;0.1
3;118;0.17;0.25;0.12
3;119;0.22;0.24;0.12
3;120;0.19;0.23;0.13
3;121;0.17;0.22;0.12
3;122;0.17;0.21;0.12
3;123;0.17;0.23;0.11
3;124;0.19;0.23;0.12
3;125;0.18;0.25;0.12
3;126;0.18;0.24;0.12
3;127;0.2;0.24;0.13
3;128;0.16;0.24;0.12
3;129;0.18;0.22;0.12
3;130;0.2;0.25;0.12
3;131;0.18;0.25;0.12
3;132;0.15;0.21;0.12
3;133;0.14;0.23;0.11
3;134;0.19;0.27;0.13
3;135;0.17;0.26;0.13
3;136;0.17;0.25;0.12
3;137;0.15;0.2;0.11
3;138;0.15;0.2;0.11
3;139;0.15;0.22;0.12
3;140;0.21;0.25;0.12
3;141;0.17;0.24;0.12
3;142;0.18;0.24;0.12
3;143;0.15;0.27;0.12
3;144;0.17;0.22;0.11
3;145;0.18;0.24;0.12
3;146;0.2;0.25;0.13
3;147;0.18;0.24;0.13
3;148;0.16;0.22;0.12
3;149;0.17;0.22;0.11
3;150;0.17;0.2;0.12
3;151;0.17;0.21;0.1
3;152;0.17;0.21;0.12
3;153;0.18;0.25;0.13
3;154;0.18;0.26;0.12
3;155;0.17;0.22;0.12
3;156;0.16;0.22;0.11
3;157;0.18;0.25;0.13
3;158;0.14;0.24;0.12
3;159;0.17;0.24;0.13
3;160;0.18;0.24;0.12
3;161;0.15;0.22;0.11
3;162;0.16;0.2;0.12
3;163;0.14;0.19;0.12
3;164;0.18;0.25;0.13
3;165;0.18;0.24;0.12
3;166;0.16;0.24;0.11
3;167;0.17;0.24;0.11
3;168;0.17;0.22;0.12
3;169;0.19;0.26;0.11
3;170;0.18;0.25;0.11
3;171;0.15;0.25;0.12
3;172;0.16;0.26;0.13
3;173;0.15;0.21;0.12
3;174;0.16;0.22;0.13
3;175;0.14;0.25;0.12
3;176;0.18;0.24;0.11
3;177;0.18;0.26;0.12
3;178;0.18;0.25;0.13
3;179;0.19;0.24;0.12
3;180;0.18;0.22;0.12
3;181;0.16;0.21;0.12
3;182;0.18;0.22;0.12
3;183;0.14;0.22;0.12
3;184;0.13;0.24;0.12
3;185;0.14;0.24;0.11
3;186;0.19;0.23;0.12
3;187;0.21;0.28;0.12
3;188;0.14;0.2;0.11
3;189;0.17;0.23;0.12
3;190;0.19;0.25;0.13
3;191;0.18;0.24;0.12
3;192;0.15;0.22;0.11
3;193;0.15;0.25;0.13
3;194;0.19;0.23;0.13
3;195;0.17;0.23;0.13
3;196;0.14;0.27;0.12
3;197;0.15;0.23;0.11
3;198;0.13;0.22;0.1
3;199;0.18;0.23;0.13
3;200;0.15;0.24;0.11
3;201;0.13;0.2;0.1
3;202;0.19;0.24;0.12
3;203;0.17;0.22;0.12
3;204;0.14;0.23;0.11
3;205;0.17;0.26;0.13
3;206;0.16;0.23;0.12
3;207;0.13;0.19;0.1
3;208;0.17;0.23;0.13
3;209;0.16;0.2;0.11
3;210;0.19;0.27;0.13
3;211;0.16;0.22;0.11
3;212;0.15;0.24;0.12
3;213;0.14;0.25;0.11
3;214;0.19;0.24;0.13
3;215;0.17;0.24;0.11
3;216;0.18;0.24;0.13
3;217;0.17;0.23;0.11
3;218;0.16;0.23;0.12
3;219;0.19;0.28;0.13
3;220;0.16;0.24;0.12
3;221;0.15;0.22;0.11
3;222;0.19;0.26;0.13
3;223;0.17;0.23;0.12
3;224;0.15;0.26;0.13
3;225;0.14;0.23;0.11
3;226;0.17;0.22;0.11
3;227;0.15;0.21;0.11
3;228;0.19;0.27;0.12
3;229;0.13;0.24;0.11
3;230;0.17;0.23;0.13
3;231;0.18;0.22;0.13
3;232;0.14;0.21;0.1
3;233;0.16;0.23;0.12
3;234;0.18;0.24;0.13
3;235;0.19;0.25;0.11
3;236;0.16;0.25;0.11
3;237;0.16;0.2;0.12
3;238;0.15;0.2;0.1
3;239;0.15;0.22;0.11
3;240;0.16;0.21;0.12
3;241;0.17;0.21;0.1
3;242;0.16;0.23;0.13
3;243;0.19;0.21;0.12
3;244;0.16;0.27;0.12
3;245;0.19;0.27;0.13
3;246;0.17;0.25;0.12
3;247;0.2;0.24;0.12
3;248;0.16;0.18;0.12
3;249;0.17;0.26;0.12
3;250;0.16;0.22;0.12
3;251;0.16;0.23;0.12
3;252;0.15;0.21;0.1
3;253;0.15;0.22;0.13
3;254;0.15;0.23;0.11
3;255;0.17;0.23;0.13
3;256;0.15;0.25;0.12
3;257;0.16;0.26;0.12
3;258;0.15;0.21;0.11
3;259;0.16;0.23;0.11
3;260;0.14;0.19;0.11
3;261;0.15;0.23;0.12
3;262;0.19;0.25;0.13
3;263;0.16;0.25;0.12
3;264;0.18;0.22;0.13
3;265;0.14;0.25;0.12
3;266;0.16;0.22;0.13
3;267;0.15;0.26;0.12
3;268;0.17;0.23;0.11
3;269;0.14;0.23;0.12
3;270;0.19;0.23;0.12
3;271;0.17;0.22;0.12
3;272;0.18;0.25;0.12
3;273;0.16;0.22;0.11
3;274;0.18;0.26;0.13
3;275;0.17;0.24;0.11
3;276;0.15;0.21;0.11
3;277;0.15;0.25;0.11
3;278;0.14;0.23;0.11
3;279;0.17;0.24;0.12
3;280;0.15;0.21;0.1
3;281;0.17;0.23;0.13
3;282;0.15;0.22;0.12
3;283;0.15;0.23;0.11
3;284;0.17;0.24;0.12
3;285;0.18;0.23;0.12
3;286;0.19;0.22;0.12
3;287;0.2;0.27;0.13
3;288;0.16;0.22;0.13
3;289;0.15;0.2;0.11
3;290;0.17;0.21;0.13
3;291;0.18;0.24;0.13
3;292;0.17;0.23;0.12
3;293;0.16;0.2;0.1
3;294;0.17;0.23;0.12
3;295;0.19;0.22;0.12
3;296;0.13;0.2;0.1
3;297;0.17;0.24;0.11
3;298;0.15;0.2;0.12
3;299;0.2;0.25;0.12
4;0;0.17;0.31;0.13
4;1;0.17;0.37;0.14
4;2;0.17;0.42;0.15
4;3;0.17;0.36;0.13
4;4;0.21;0.32;0.13
4;5;0.17;0.31;0.14
4;6;0.15;0.4;0.13
4;7;0.17;0.38;0.12
4;8;0.2;0.38;0.14
4;9;0.14;0.34;0.12
4;10;0.18;0.41;0.15
4;11;0.16;0.31;0.14
4;12;0.17;0.41;0.14
4;13;0.16;0.41;0.13
4;14;0.21;0.37;0.15
4;15;0.18;0.36;0.13
4;16;0.14;0.3;0.13
4;17;0.16;0.34;0.14
4;18;0.14;0.4;0.14
4;19;0.2;0.38;0.14
4;20;0.18;0.4;0.15
4;21;0.17;0.31;0.15
4;22;0.16;0.44;0.14
4;23;0.17;0.36;0.14
4;24;0.15;0.38;0.13
4;25;0.19;0.34;0.14
4;26;0.14;0.31;0.11
4;27;0.16;0.31;0.12
4;28;0.17;0.36;0.12
4;29;0.2;0.33;0.14
4;30;0.22;0.37;0.15
4;31;0.21;0.4;0.15
4;32;0.19;0.41;0.12
4;33;0.15;0.38;0.13
4;34;0.14;0.4;0.16
4;35;0.14;0.28;0.13
4;36;0.18;0.38;0.13
4;37;0.16;0.34;0.12
4;38;0.18;0.44;0.13
4;39;0.18;0.34;0.14
4;40;0.16;0.34;0.13
4;41;0.19;0.42;0.15
4;42;0.19;0.42;0.15
4;43;0.21;0.38;0.14
4;44;0.17;0.33;0.14
4;45;0.2;0.5;0.12
4;46;0.2;0.35;0.13
4;47;0.21;0.39;0.14
4;48;0.15;0.47;0.15
4;49;0.21;0.31;0.15
4;50;0.17;0.34;0.12
4;51;0.17;0.29;0.14
4;52;0.16;0.39;0.15
4;53;0.15;0.31;0.14
4;54;0.19;0.31;0.13
4;55;0.15;0.33;0.13
4;56;0.21;0.37;0.14
4;57;0.19;0.35;0.13
4;58;0.17;0.44;0.14
4;59;0.16;0.33;0.13
4;60;0.2;0.4;0.13
4;61;0.17;0.37;0.13
4;62;0.19;0.45;0.17
4;63;0.14;0.31;0.12
4;64;0.23;0.36;0.15
4;65;0.16;0.35;0.14
4;66;0.21;0.3;0.15
4;67;0.11;0.42;0.13
4;68;0.14;0.34;0.13
4;69;0.2;0.33;0.14
4;70;0.19;0.36;0.13
4;71;0.21;0.34;0.13
4;72;0.17;0.37;0.14
4;73;0.18;0.38;0.15
4;74;0.14;0.33;0.12
4;75;0.19;0.37;0.13
4;76;0.18;0.38;0.13
4;77;0.16;0.34;0.12
4;78;0.16;0.44;0.15
4;79;0.16;0.38;0.15
4;80;0.14;0.3;0.13
4;81;0.14;0.37;0.12
4;82;0.21;0.33;0.13
4;83;0.19;0.32;0.15
4;84;0.17;0.37;0.14
4;85;0.19;0.47;0.15
4;86;0.22;0.48;0.16
4;87;0.2;0.35;0.13
4;88;0.16;0.33;0.13
4;89;0.17;0.55;0.14
4;90;0.2;0.4;0.14
4;91;0.17;0.35;0.13
4;92;0.19;0.38;0.15
4;93;0.2;0.41;0.13
4;94;0.19;0.4;0.14
4;95;0.16;0.31;0.14
4;96;0.22;0.35;0.15
4;97;0.18;0.41;0.14
4;98;0.17;0.4;0.14
4;99;0.12;0.44;0.13
4;100;0.16;0.35;0.13
4;101;0.22;0.41;0.15
4;102;0.14;0.37;0.13
4;103;0.2;0.41;0.12
4;104;0.2;0.5;0.14
4;105;0.22;0.42;0.12
4;106;0.21;0.41;0.15
4;107;0.15;0.33;0.13
4;108;0.19;0.37;0.15
4;109;0.16;0.39;0.13
4;110;0.16;0.38;0.13
4;111;0.14;0.39;0.12
4;112;0.14;0.31;0.13
4;113;0.21;0.41;0.14
4;114;0.19;0.36;0.15
4;115;0.17;0.33;0.13
4;116;0.17;0.35;0.13
4;117;0.24;0.36;0.16
4;118;0.15;0.37;0.13
4;119;0.17;0.42;0.13
4;120;0.17;0.4;0.14
4;121;0.17;0.38;0.14
4;122;0.2;0.38;0.13
4;123;0.11;0.35;0.12
4;124;0.13;0.29;0.14
4;125;0.14;0.38;0.13
4;126;0.17;0.42;0.13
4;127;0.17;0.37;0.14
4;128;0.15;0.42;0.12
4;129;0.12;0.41;0.13
4;130;0.15;0.32;0.13
4;131;0.18;0.36;0.16
4;132;0.19;0.36;0.13
4;133;0.21;0.49;0.15
4;134;0.16;0.33;0.13
4;135;0.23;0.44;0.16
4;136;0.14;0.39;0.12
4;137;0.24;0.4;0.15
4;138;0.18;0.4;0.13
4;139;0.17;0.34;0.12
4;140;0.17;0.35;0.13
4;141;0.16;0.36;0.15
4;142;0.16;0.34;0.14
4;143;0.17;0.4;0.12
4;144;0.17;0.36;0.13
4;145;0.2;0.41;0.16
4;146;0.15;0.38;0.12
4;147;0.14;0.41;0.12
4;148;0.16;0.31;0.15
4;149;0.17;0.35;0.15
4;150;0.25;0.35;0.15
4;151;0.18;0.37;0.14
4;152;0.21;0.39;0.14
4;153;0.15;0.27;0.12
4;154;0.2;0.35;0.15
4;155;0.19;0.4;0.13
4;156;0.21;0.35;0.15
4;157;0.19;0.45;0.14
4;158;0.15;0.3;0.13
4;159;0.19;0.42;0.13
4;160;0.18;0.45;0.14
4;161;0.12;0.35;0.12
4;162;0.14;0.38;0.13
4;163;0.17;0.35;0.13
4;164;0.2;0.42;0.13
4;165;0.14;0.33;0.13
4;166;0.16;0.38;0.13
4;167;0.13;0.35;0.14
4;168;0.2;0.41;0.14
4;169;0.21;0.42;0.15
4;170;0.18;0.4;0.13
4;171;0.18;0.45;0.14
4;172;0.21;0.33;0.15
4;173;0.18;0.34;0.14
4;174;0.18;0.43;0.13
4;175;0.15;0.36;0.15
4;176;0.13;0.39;0.12
4;177;0.15;0.26;0.13
4;178;0.17;0.36;0.13
4;179;0.15;0.35;0.15
4;180;0.18;0.3;0.13
4;181;0.19;0.44;0.14
4;182;0.15;0.38;0.12
4;183;0.16;0.39;0.13
4;184;0.23;0.4;0.14
4;185;0.16;0.41;0.12
4;186;0.15;0.34;0.14
4;187;0.16;0.35;0.14
4;188;0.19;0.38;0.15
4;189;0.19;0.37;0.13
4;190;0.13;0.36;0.13
4;191;0.18;0.35;0.12
4;192;0.19;0.43;0.14
4;193;0.16;0.3;0.12
4;194;0.17;0.35;0.13
4;195;0.18;0.43;0.15
4;196;0.14;0.33;0.14
4;197;0.19;0.32;0.12
4;198;0.21;0.37;0.15
4;199;0.23;0.35;0.14
4;200;0.14;0.34;0.13
4;201;0.11;0.37;0.12
4;202;0.18;0.42;0.13
4;203;0.23;0.4;0.14
4;204;0.16;0.32;0.13
4;205;0.23;0.42;0.14
4;206;0.16;0.28;0.13
4;207;0.16;0.36;0.14
4;208;0.19;0.33;0.15
4;209;0.21;0.41;0.14
4;210;0.16;0.41;0.14
4;211;0.17;0.45;0.14
4;212;0.15;0.42;0.13
4;213;0.17;0.39;0.14
4;214;0.15;0.31;0.15
4;215;0.17;0.36;0.13
4;216;0.19;0.34;0.14
4;217;0.15;0.36;0.12
4;218;0.14;0.34;0.13
4;219;0.15;0.31;0.15
4;220;0.17;0.43;0.13
4;221;0.16;0.38;0.15
4;222;0.2;0.37;0.13
4;223;0.21;0.35;0.13
4;224;0.18;0.34;0.15
4;225;0.18;0.36;0.13
4;226;0.2;0.45;0.13
4;227;0.15;0.42;0.14
4;228;0.16;0.38;0.12
4;229;0.19;0.39;0.15
4;230;0.16;0.36;0.14
4;231;0.16;0.36;0.14
4;232;0.21;0.35;0.15
4;233;0.21;0.38;0.14
4;234;0.2;0.34;0.14
4;235;0.17;0.35;0.13
4;236;0.21;0.36;0.15
4;237;0.12;0.3;0.13
4;238;0.19;0.37;0.13
4;239;0.17;0.43;0.14
4;240;0.16;0.37;0.14
4;241;0.18;0.35;0.11
4;242;0.2;0.46;0.15
4;243;0.21;0.4;0.13
4;244;0.21;0.41;0.14
4;245;0.15;0.38;0.13
4;246;0.15;0.34;0.13
4;247;0.2;0.3;0.11
4;248;0.19;0.34;0.14
4;249;0.13;0.34;0.13
4;250;0.2;0.28;0.12
4;251;0.16;0.45;0.13
4;252;0.13;0.33;0.1
4;253;0.18;0.33;0.12
4;254;0.18;0.33;0.13
4;255;0.15;0.33;0.14
4;256;0.15;0.36;0.14
4;257;0.16;0.35;0.14
4;258;0.19;0.34;0.12
4;259;0.18;0.36;0.13
4;260;0.17;0.38;0.13
4;261;0.21;0.41;0.12
4;262;0.2;0.48;0.15
4;263;0.13;0.33;0.12
4;264;0.19;0.41;0.14
4;265;0.18;0.41;0.14
4;266;0.21;0.37;0.13
4;267;0.16;0.43;0.14
4;268;0.2;0.41;0.13
4;269;0.24;0.33;0.14
4;270;0.17;0.43;0.13
4;271;0.2;0.44;0.15
4;272;0.18;0.35;0.15
4;273;0.18;0.41;0.13
4;274;0.16;0.27;0.13
4;275;0.18;0.4;0.13
4;276;0.15;0.34;0.13
4;277;0.19;0.33;0.15
4;278;0.16;0.37;0.13
4;279;0.19;0.39;0.15
4;280;0.19;0.33;0.13
4;281;0.19;0.42;0.14
4;282;0.13;0.36;0.13
4;283;0.16;0.3;0.15
4;284;0.2;0.38;0.14
4;285;0.15;0.41;0.14
4;286;0.22;0.36;0.13
4;287;0.11;0.3;0.11
4;288;0.19;0.31;0.13
4;289;0.18;0.36;0.14
4;290;0.18;0.39;0.13
4;291;0.2;0.39;0.13
4;292;0.16;0.33;0.12
4;293;0.21;0.37;0.15
4;294;0.2;0.36;0.15
4;295;0.21;0.35;0.15
4;296;0.15;0.36;0.13
4;297;0.17;0.32;0.13
4;298;0.19;0.36;0.15
4;299;0.19;0.35;0.14
5;0;0.17;0.41;0.13
5;1;0.23;0.44;0.15
5;2;0.2;0.42;0.14
5;3;0.19;0.39;0.1
5;4;0.23;0.4;0.13
5;5;0.15;0.42;0.14
5;6;0.15;0.39;0.12
5;7;0.21;0.43;0.13
5;8;0.16;0.33;0.14
5;9;0.14;0.4;0.14
5;10;0.2;0.39;0.13
5;11;0.24;0.49;0.13
5;12;0.13;0.38;0.13
5;13;0.15;0.45;0.14
5;14;0.15;0.44;0.15
5;15;0.23;0.37;0.15
5;16;0.2;0.35;0.14
5;17;0.19;0.39;0.12
5;18;0.2;0.39;0.17
5;19;0.12;0.3;0.12
5;20;0.15;0.42;0.13
5;21;0.18;0.36;0.12
5;22;0.13;0.39;0.13
5;23;0.18;0.4;0.12
5;24;0.16;0.45;0.12
5;25;0.11;0.39;0.11
5;26;0.23;0.41;0.13
5;27;0.16;0.44;0.15
5;28;0.16;0.39;0.12
5;29;0.14;0.41;0.12
5;30;0.15;0.42;0.13
5;31;0.16;0.44;0.14
5;32;0.14;0.43;0.13
5;33;0.13;0.35;0.12
5;34;0.16;0.41;0.12
5;35;0.14;0.45;0.13
5;36;0.17;0.44;0.13
5;37;0.17;0.36;0.11
5;38;0.14;0.42;0.14
5;39;0.18;0.46;0.12
5;40;0.17;0.42;0.14
5;41;0.17;0.44;0.14
5;42;0.12;0.5;0.11
5;43;0.13;0.4;0.11
5;44;0.17;0.38;0.11
5;45;0.15;0.39;0.12
5;46;0.18;0.52;0.15
5;47;0.14;0.4;0.13
5;48;0.24;0.4;0.13
5;49;0.2;0.46;0.11
5;50;0.17;0.39;0.13
5;51;0.14;0.34;0.11
5;52;0.17;0.44;0.14
5;53;0.16;0.45;0.14
5;54;0.27;0.44;0.15
5;55;0.15;0.43;0.12
5;56;0.2;0.46;0.13
5;57;0.15;0.39;0.12
5;58;0.19;0.4;0.13
5;59;0.15;0.41;0.12
5;60;0.16;0.41;0.1
5;61;0.18;0.37;0.13
5;62;0.14;0.42;0.14
5;63;0.2;0.4;0.14
5;64;0.17;0.41;0.13
5;65;0.19;0.39;0.11
5;66;0.13;0.4;0.11
5;67;0.17;0.4;0.15
5;68;0.2;0.48;0.12
5;69;0.19;0.36;0.12
5;70;0.23;0.46;0.14
5;71;0.15;0.41;0.12
5;72;0.18;0.41;0.13
5;73;0.17;0.42;0.12
5;74;0.16;0.47;0.12
5;75;0.14;0.45;0.14
5;76;0.13;0.43;0.12
5;77;0.14;0.46;0.11
5;78;0.17;0.39;0.13
5;79;0.17;0.45;0.14
5;80;0.15;0.5;0.12
5;81;0.21;0.44;0.14
5;82;0.12;0.35;0.13
5;83;0.2;0.47;0.15
5;84;0.15;0.37;0.13
5;85;0.16;0.45;0.13
5;86;0.13;0.45;0.12
5;87;0.15;0.44;0.14
5;88;0.17;0.44;0.13
5;89;0.18;0.37;0.12
5;90;0.19;0.43;0.13
5;91;0.14;0.38;0.13
5;92;0.14;0.4;0.11
5;93;0.17;0.39;0.13
5;94;0.19;0.4;0.16
5;95;0.17;0.45;0.12
5;96;0.14;0.51;0.12
5;97;0.17;0.46;0.13
5;98;0.17;0.49;0.14
5;99;0.13;0.46;0.15
5;100;0.13;0.46;0.12
5;101;0.21;0.45;0.12
5;102;0.16;0.42;0.12
5;103;0.17;0.42;0.13
5;104;0.15;0.4;0.13
5;105;0.18;0.42;0.14
5;106;0.21;0.43;0.16
5;107;0.17;0.38;0.15
5;108;0.16;0.39;0.12
5;109;0.18;0.47;0.14
5;110;0.18;0.31;0.13
5;111;0.13;0.43;0.13
5;112;0.15;0.41;0.12
5;113;0.16;0.4;0.14
5;114;0.19;0.47;0.13
5;115;0.17;0.33;0.13
5;116;0.19;0.44;0.13
5;117;0.2;0.46;0.15
5;118;0.19;0.42;0.13
5;119;0.13;0.54;0.15
5;120;0.19;0.4;0.13
5;121;0.25;0.42;0.14
5;122;0.17;0.38;0.14
5;123;0.17;0.42;0.15
5;124;0.17;0.4;0.12
5;125;0.15;0.44;0.12
5;126;0.15;0.33;0.12
5;127;0.15;0.4;0.12
5;128;0.11;0.32;0.13
5;129;0.12;0.39;0.12
5;130;0.15;0.39;0.12
5;131;0.2;0.41;0.11
5;132;0.23;0.4;0.14
5;133;0.18;0.38;0.13
5;134;0.15;0.4;0.11
5;135;0.16;0.38;0.12
5;136;0.12;0.34;0.12
5;137;0.13;0.39;0.13
5;138;0.16;0.4;0.14
5;139;0.12;0.45;0.13
5;140;0.19;0.36;0.12
5;141;0.19;0.5;0.13
5;142;0.18;0.46;0.13
5;143;0.13;0.49;0.13
5;144;0.16;0.5;0.15
5;145;0.16;0.37;0.12
5;146;0.21;0.41;0.13
5;147;0.19;0.46;0.11
5;148;0.17;0.5;0.15
5;149;0.18;0.5;0.12
5;150;0.16;0.49;0.13
5;151;0.13;0.51;0.15
5;152;0.15;0.41;0.14
5;153;0.14;0.46;0.11
5;154;0.14;0.41;0.14
5;155;0.24;0.42;0.12
5;156;0.18;0.41;0.13
5;157;0.16;0.44;0.12
5;158;0.14;0.38;0.14
5;159;0.16;0.45;0.16
5;160;0.14;0.41;0.12
5;161;0.19;0.41;0.14
5;162;0.16;0.44;0.15
5;163;0.15;0.32;0.11
5;164;0.17;0.41;0.13
5;165;0.15;0.43;0.13
5;166;0.16;0.48;0.15
5;167;0.17;0.47;0.12
5;168;0.21;0.54;0.14
5;169;0.19;0.34;0.15
5;170;0.12;0.4;0.13
5;171;0.14;0.48;0.12
5;172;0.15;0.44;0.15
5;173;0.15;0.37;0.13
5;174;0.13;0.35;0.13
5;175;0.15;0.37;0.15
5;176;0.11;0.4;0.12
5;177;0.21;0.43;0.14
5;178;0.15;0.43;0.14
5;179;0.2;0.39;0.16
5;180;0.16;0.43;0.13
5;181;0.12;0.38;0.13
5;182;0.17;0.5;0.12
5;183;0.13;0.37;0.11
5;184;0.14;0.4;0.13
5;185;0.21;0.47;0.15
5;186;0.21;0.51;0.14
5;187;0.22;0.41;0.13
5;188;0.19;0.43;0.14
5;189;0.15;0.52;0.13
5;190;0.13;0.36;0.13
5;191;0.2;0.36;0.12
5;192;0.15;0.46;0.13
5;193;0.21;0.4;0.12
5;194;0.15;0.44;0.13
5;195;0.22;0.43;0.13
5;196;0.18;0.44;0.15
5;197;0.17;0.39;0.12
5;198;0.12;0.37;0.12
5;199;0.13;0.35;0.12
5;200;0.21;0.44;0.13
5;201;0.12;0.41;0.11
5;202;0.19;0.41;0.14
5;203;0.18;0.37;0.12
5;204;0.21;0.42;0.13
5;205;0.22;0.37;0.15
5;206;0.17;0.43;0.11
5;207;0.21;0.44;0.14
5;208;0.15;0.41;0.14
5;209;0.24;0.44;0.16
5;210;0.24;0.41;0.13
5;211;0.23;0.43;0.15
5;212;0.13;0.38;0.11
5;213;0.19;0.51;0.14
5;214;0.15;0.43;0.14
5;215;0.16;0.4;0.11
5;216;0.16;0.36;0.13
5;217;0.19;0.44;0.11
5;218;0.2;0.35;0.13
5;219;0.14;0.44;0.12
5;220;0.13;0.41;0.13
5;221;0.13;0.35;0.11
5;222;0.16;0.49;0.16
5;223;0.14;0.44;0.12
5;224;0.14;0.44;0.13
5;225;0.2;0.39;0.15
5;226;0.15;0.42;0.14
5;227;0.1;0.47;0.13
5;228;0.13;0.42;0.14
5;229;0.12;0.33;0.12
5;230;0.23;0.43;0.15
5;231;0.15;0.52;0.14
5;232;0.13;0.37;0.14
5;233;0.13;0.39;0.14
5;234;0.16;0.52;0.13
5;235;0.14;0.38;0.11
5;236;0.17;0.48;0.12
5;237;0.16;0.34;0.12
5;238;0.2;0.41;0.15
5;239;0.13;0.41;0.11
5;240;0.23;0.38;0.12
5;241;0.16;0.43;0.13
5;242;0.16;0.46;0.13
5;243;0.16;0.42;0.12
5;244;0.19;0.48;0.14
5;245;0.21;0.41;0.14
5;246;0.12;0.44;0.12
5;247;0.17;0.43;0.15
5;248;0.16;0.38;0.14
5;249;0.19;0.49;0.15
5;250;0.11;0.37;0.13
5;251;0.16;0.42;0.12
5;252;0.12;0.46;0.17
5;253;0.16;0.42;0.14
5;254;0.13;0.4;0.12
5;255;0.17;0.41;0.12
5;256;0.15;0.38;0.11
5;257;0.14;0.36;0.13
5;258;0.18;0.34;0.12
5;259;0.11;0.42;0.11
5;260;0.13;0.43;0.13
5;261;0.17;0.4;0.14
5;262;0.12;0.4;0.13
5;263;0.15;0.43;0.11
5;264;0.23;0.44;0.13
5;265;0.14;0.49;0.15
5;266;0.15;0.45;0.13
5;267;0.16;0.4;0.12
5;268;0.14;0.39;0.12
5;269;0.15;0.48;0.15
5;270;0.19;0.48;0.16
5;271;0.2;0.45;0.13
5;272;0.17;0.39;0.13
5;273;0.11;0.35;0.11
5;274;0.18;0.45;0.15
5;275;0.16;0.36;0.13
5;276;0.15;0.43;0.11
5;277;0.14;0.51;0.13
5;278;0.12;0.45;0.14
5;279;0.17;0.41;0.13
5;280;0.15;0.37;0.12
5;281;0.2;0.35;0.13
5;282;0.14;0.33;0.12
5;283;0.18;0.44;0.11
5;284;0.15;0.33;0.13
5;285;0.15;0.41;0.12
5;286;0.17;0.4;0.15
5;287;0.16;0.4;0.14
5;288;0.18;0.43;0.14
5;289;0.14;0.56;0.13
5;290;0.2;0.41;0.15
5;291;0.11;0.5;0.12
5;292;0.16;0.34;0.12
5;293;0.14;0.45;0.13
5;294;0.19;0.47;0.13
5;295;0.17;0.42;0.13
5;296;0.15;0.34;0.12
5;297;0.19;0.45;0.16
5;298;0.17;0.35;0.14
5;299;0.14;0.38;0.12
6;0;0.19;0.42;0.1
6;1;0.14;0.36;0.08
6;2;0.11;0.44;0.1
6;3;0.16;0.33;0.09
6;4;0.18;0.34;0.09
6;5;0.16;0.37;0.09
6;6;0.19;0.4;0.1
6;7;0.12;0.43;0.08
6;8;0.14;0.47;0.1
6;9;0.15;0.39;0.09
6;10;0.16;0.31;0.09
6;11;0.14;0.39;0.11
6;12;0.14;0.4;0.12
6;13;0.12;0.41;0.07
6;14;0.12;0.4;0.1
6;15;0.15;0.27;0.11
6;16;0.15;0.3;0.09
6;17;0.13;0.4;0.09
6;18;0.13;0.37;0.08
6;19;0.16;0.38;0.1
6;20;0.13;0.41;0.08
6;21;0.21;0.37;0.09
6;22;0.14;0.46;0.11
6;23;0.17;0.41;0.1
6;24;0.19;0.38;0.09
6;25;0.13;0.39;0.1
6;26;0.21;0.37;0.09
6;27;0.17;0.36;0.09
6;28;0.24;0.38;0.11
6;29;0.2;0.29;0.08
6;30;0.18;0.41;0.09
6;31;0.12;0.42;0.09
6;32;0.14;0.39;0.11
6;33;0.16;0.37;0.09
6;34;0.21;0.38;0.11
6;35;0.15;0.41;0.09
6;36;0.13;0.37;0.11
6;37;0.15;0.44;0.08
6;38;0.15;0.38;0.11
6;39;0.18;0.4;0.1
6;40;0.14;0.39;0.1
6;41;0.12;0.33;0.1
6;42;0.12;0.32;0.13
6;43;0.11;0.44;0.09
6;44;0.19;0.37;0.1
6;45;0.13;0.33;0.08
6;46;0.18;0.34;0.1
6;47;0.12;0.36;0.1
6;48;0.14;0.39;0.11
6;49;0.2;0.3;0.09
6;50;0.18;0.34;0.11
6;51;0.12;0.39;0.09
6;52;0.19;0.26;0.09
6;53;0.15;0.35;0.08
6;54;0.12;0.44;0.09
6;55;0.11;0.39;0.09
6;56;0.13;0.36;0.12
6;57;0.2;0.34;0.09
6;58;0.19;0.37;0.11
6;59;0.16;0.29;0.12
6;60;0.16;0.49;0.1
6;61;0.16;0.44;0.12
6;62;0.14;0.38;0.11
6;63;0.13;0.33;0.11
6;64;0.19;0.43;0.11
6;65;0.13;0.44;0.1
6;66;0.14;0.34;0.09
6;67;0.19;0.42;0.11
6;68;0.18;0.36;0.11
6;69;0.12;0.32;0.09
6;70;0.17;0.26;0.1
6;71;0.13;0.39;0.09
6;72;0.1;0.34;0.11
6;73;0.17;0.44;0.08
6;74;0.11;0.38;0.08
6;75;0.14;0.45;0.12
6;76;0.13;0.45;0.12
6;77;0.21;0.38;0.11
6;78;0.14;0.46;0.1
6;79;0.21;0.4;0.1
6;80;0.15;0.36;0.13
6;81;0.15;0.47;0.1
6;82;0.17;0.35;0.1
6;83;0.11;0.5;0.11
6;84;0.2;0.38;0.11
6;85;0.2;0.35;0.1
6;86;0.18;0.42;0.11
6;87;0.14;0.33;0.09
6;88;0.16;0.46;0.09
6;89;0.14;0.36;0.11
6;90;0.18;0.4;0.11
6;91;0.16;0.41;0.1
6;92;0.13;0.32;0.11
6;93;0.19;0.34;0.09
6;94;0.17;0.33;0.08
6;95;0.16;0.45;0.12
6;96;0.16;0.39;0.09
6;97;0.14;0.46;0.11
6;98;0.24;0.4;0.11
6;99;0.18;0.39;0.1
6;100;0.1;0.38;0.1
6;101;0.2;0.42;0.11
6;102;0.14;0.34;0.12
6;103;0.23;0.43;0.11
6;104;0.16;0.35;0.1
6;105;0.17;0.33;0.1
6;106;0.15;0.47;0.08
6;107;0.17;0.34;0.09
6;108;0.18;0.37;0.09
6;109;0.15;0.41;0.11
6;110;0.18;0.38;0.1
6;111;0.15;0.4;0.1
6;112;0.11;0.35;0.12
6;113;0.14;0.38;0.08
6;114;0.13;0.39;0.1
6;115;0.13;0.35;0.09
6;116;0.2;0.32;0.1
6;117;0.15;0.44;0.09
6;118;0.21;0.45;0.12
6;119;0.14;0.57;0.12
6;120;0.11;0.46;0.1
6;121;0.15;0.34;0.13
6;122;0.17;0.29;0.1
6;123;0.12;0.4;0.11
6;124;0.12;0.42;0.09
6;125;0.16;0.3;0.09
6;126;0.15;0.35;0.09
6;127;0.26;0.42;0.1
6;128;0.12;0.35;0.08
6;129;0.15;0.42;0.09
6;130;0.17;0.46;0.1
6;131;0.14;0.43;0.1
6;132;0.17;0.37;0.11
6;133;0.18;0.38;0.09
6;134;0.22;0.39;0.14
6;135;0.18;0.42;0.12
6;136;0.1;0.46;0.1
6;137;0.18;0.46;0.11
6;138;0.14;0.36;0.09
6;139;0.19;0.48;0.1
6;140;0.11;0.35;0.1
6;141;0.19;0.36;0.11
6;142;0.17;0.42;0.1
6;143;0.14;0.47;0.1
6;144;0.14;0.35;0.11
6;145;0.15;0.32;0.09
6;146;0.15;0.42;0.09
6;147;0.17;0.39;0.1
6;148;0.2;0.26;0.08
6;149;0.15;0.39;0.11
6;150;0.17;0.39;0.11
6;151;0.2;0.32;0.09
6;152;0.14;0.39;0.1
6;153;0.19;0.31;0.12
6;154;0.17;0.35;0.1
6;155;0.13;0.29;0.08
6;156;0.15;0.43;0.1
6;157;0.13;0.27;0.1
6;158;0.1;0.3;0.09
6;159;0.15;0.41;0.1
6;160;0.27;0.41;0.1
6;161;0.2;0.43;0.09
6;162;0.17;0.43;0.09
6;163;0.14;0.43;0.08
6;164;0.12;0.43;0.1
6;165;0.15;0.39;0.09
6;166;0.12;0.37;0.11
6;167;0.16;0.39;0.09
6;168;0.16;0.37;0.1
6;169;0.17;0.3;0.1
6;170;0.18;0.34;0.09
6;171;0.1;0.43;0.11
6;172;0.21;0.38;0.11
6;173;0.13;0.38;0.09
6;174;0.12;0.46;0.12
6;175;0.15;0.4;0.11
6;176;0.11;0.37;0.11
6;177;0.18;0.44;0.09
6;178;0.18;0.42;0.11
6;179;0.16;0.4;0.1
6;180;0.14;0.52;0.1
6;181;0.17;0.34;0.1
6;182;0.14;0.41;0.11
6;183;0.17;0.36;0.11
6;184;0.13;0.43;0.08
6;185;0.18;0.45;0.09
6;186;0.2;0.38;0.11
6;187;0.14;0.4;0.1
6;188;0.1;0.36;0.1
6;189;0.11;0.39;0.1
6;190;0.14;0.44;0.1
6;191;0.12;0.42;0.1
6;192;0.16;0.44;0.12
6;193;0.17;0.29;0.11
6;194;0.15;0.34;0.1
6;195;0.17;0.34;0.11
6;196;0.12;0.36;0.09
6;197;0.15;0.38;0.09
6;198;0.16;0.38;0.1
6;199;0.11;0.41;0.09
6;200;0.14;0.39;0.12
6;201;0.18;0.49;0.11
6;202;0.18;0.39;0.09
6;203;0.17;0.39;0.1
6;204;0.19;0.42;0.1
6;205;0.12;0.36;0.1
6;206;0.14;0.37;0.1
6;207;0.22;0.43;0.11
6;208;0.16;0.41;0.1
6;209;0.11;0.5;0.11
6;210;0.16;0.35;0.1
6;211;0.17;0.39;0.09
6;212;0.12;0.36;0.09
6;213;0.13;0.31;0.1
6;214;0.11;0.46;0.09
6;215;0.13;0.43;0.09
6;216;0.15;0.34;0.09
6;217;0.18;0.34;0.1
6;218;0.15;0.3;0.09
6;219;0.12;0.43;0.09
6;220;0.11;0.37;0.09
6;221;0.17;0.31;0.1
6;222;0.19;0.4;0.11
6;223;0.16;0.4;0.11
6;224;0.13;0.43;0.1
6;225;0.18;0.36;0.09
6;226;0.08;0.36;0.09
6;227;0.17;0.4;0.1
6;228;0.19;0.4;0.09
6;229;0.19;0.42;0.1
6;230;0.14;0.45;0.11
6;231;0.13;0.42;0.09
6;232;0.2;0.34;0.09
6;233;0.18;0.41;0.1
6;234;0.18;0.34;0.09
6;235;0.15;0.36;0.09
6;236;0.21;0.34;0.09
6;237;0.19;0.43;0.11
6;238;0.2;0.39;0.1
6;239;0.19;0.38;0.1
6;240;0.19;0.51;0.12
6;241;0.14;0.51;0.11
6;242;0.16;0.41;0.1
6;243;0.1;0.36;0.08
6;244;0.14;0.39;0.1
6;245;0.11;0.34;0.1
6;246;0.15;0.4;0.08
6;247;0.12;0.41;0.1
6;248;0.17;0.33;0.12
6;249;0.12;0.42;0.11
6;250;0.12;0.35;0.09
6;251;0.16;0.31;0.12
6;252;0.15;0.42;0.1
6;253;0.1;0.39;0.1
6;254;0.18;0.41;0.1
6;255;0.15;0.39;0.09
6;256;0.14;0.32;0.1
6;257;0.12;0.39;0.1
6;258;0.21;0.35;0.1
6;259;0.14;0.42;0.1
6;260;0.17;0.4;0.1
6;261;0.15;0.27;0.07
6;262;0.21;0.41;0.09
6;263;0.15;0.35;0.1
6;264;0.18;0.35;0.1
6;265;0.16;0.35;0.11
6;266;0.13;0.36;0.11
6;267;0.18;0.37;0.09
6;268;0.19;0.42;0.1
6;269;0.17;0.42;0.1
6;270;0.19;0.34;0.13
6;271;0.12;0.46;0.1
6;272;0.16;0.43;0.14
6;273;0.1;0.35;0.09
6;274;0.2;0.34;0.1
6;275;0.14;0.34;0.1
6;276;0.24;0.43;0.12
6;277;0.17;0.39;0.11
6;278;0.19;0.37;0.11
6;279;0.13;0.38;0.11
6;280;0.14;0.43;0.11
6;281;0.16;0.36;0.09
6;282;0.23;0.34;0.13
6;283;0.15;0.44;0.1
6;284;0.19;0.44;0.09
6;285;0.2;0.32;0.1
6;286;0.15;0.38;0.09
6;287;0.11;0.38;0.12
6;288;0.21;0.37;0.12
6;289;0.17;0.43;0.09
6;290;0.19;0.45;0.11
6;291;0.21;0.34;0.08
6;292;0.12;0.36;0.1
6;293;0.23;0.39;0.1
6;294;0.15;0.31;0.09
6;295;0.16;0.35;0.1
6;296;0.13;0.46;0.1
6;297;0.25;0.35;0.11
6;298;0.16;0.46;0.09
6;299;0.15;0.41;0.1
7;0;0.14;0.28;0.08
7;1;0.13;0.32;0.08
7;2;0.21;0.38;0.07
7;3;0.12;0.29;0.08
7;4;0.11;0.31;0.07
7;5;0.16;0.36;0.07
7;6;0.1;0.32;0.07
7;7;0.2;0.26;0.08
7;8;0.24;0.31;0.07
7;9;0.14;0.36;0.07
7;10;0.12;0.38;0.07
7;11;0.19;0.3;0.07
7;12;0.17;0.35;0.08
7;13;0.19;0.3;0.08
7;14;0.14;0.29;0.06
7;15;0.13;0.33;0.08
7;16;0.18;0.33;0.08
7;17;0.14;0.33;0.07
7;18;0.28;0.39;0.08
7;19;0.15;0.35;0.08
7;20;0.17;0.33;0.1
7;21;0.14;0.28;0.07
7;22;0.18;0.39;0.06
7;23;0.08;0.32;0.06
7;24;0.13;0.42;0.07
7;25;0.11;0.31;0.08
7;26;0.21;0.39;0.07
7;27;0.15;0.32;0.07
7;28;0.15;0.3;0.07
7;29;0.16;0.33;0.09
7;30;0.15;0.42;0.08
7;31;0.13;0.38;0.08
7;32;0.16;0.35;0.07
7;33;0.11;0.27;0.07
7;34;0.13;0.32;0.07
7;35;0.13;0.35;0.08
7;36;0.15;0.25;0.08
7;37;0.11;0.3;0.06
7;38;0.11;0.36;0.08
7;39;0.17;0.35;0.07
7;40;0.17;0.32;0.07
7;41;0.14;0.36;0.06
7;42;0.22;0.31;0.08
7;43;0.1;0.31;0.08
7;44;0.1;0.46;0.08
7;45;0.17;0.37;0.08
7;46;0.14;0.33;0.06
7;47;0.14;0.38;0.08
7;48;0.12;0.31;0.06
7;49;0.16;0.38;0.1
7;50;0.15;0.22;0.06
7;51;0.16;0.27;0.08
7;52;0.16;0.33;0.08
7;53;0.18;0.31;0.07
7;54;0.13;0.38;0.07
7;55;0.12;0.39;0.06
7;56;0.21;0.34;0.07
7;57;0.25;0.27;0.08
7;58;0.16;0.39;0.07
7;59;0.17;0.34;0.08
7;60;0.13;0.27;0.06
7;61;0.25;0.33;0.07
7;62;0.13;0.49;0.08
7;63;0.16;0.34;0.07
7;64;0.14;0.4;0.09
7;65;0.12;0.31;0.07
7;66;0.12;0.29;0.06
7;67;0.12;0.3;0.07
7;68;0.17;0.27;0.07
7;69;0.16;0.32;0.08
7;70;0.2;0.34;0.08
7;71;0.12;0.26;0.08
7;72;0.17;0.3;0.06
7;73;0.15;0.38;0.08
7;74;0.15;0.34;0.09
7;75;0.14;0.35;0.07
7;76;0.12;0.26;0.08
7;77;0.16;0.33;0.08
7;78;0.09;0.33;0.06
7;79;0.18;0.3;0.08
7;80;0.12;0.29;0.06
7;81;0.14;0.34;0.07
7;82;0.18;0.34;0.08
7;83;0.16;0.28;0.07
7;84;0.16;0.27;0.08
7;85;0.14;0.38;0.08
7;86;0.14;0.34;0.1
7;87;0.18;0.38;0.09
7;88;0.16;0.23;0.08
7;89;0.14;0.37;0.07
7;90;0.17;0.43;0.09
7;91;0.15;0.25;0.09
7;92;0.14;0.29;0.08
7;93;0.14;0.36;0.07
7;94;0.18;0.37;0.08
7;95;0.13;0.38;0.07
7;96;0.13;0.33;0.06
7;97;0.16;0.3;0.08
7;98;0.15;0.28;0.06
7;99;0.14;0.35;0.09
7;100;0.18;0.47;0.08
7;101;0.2;0.4;0.07
7;102;0.09;0.4;0.07
7;103;0.19;0.4;0.08
7;104;0.16;0.34;0.07
7;105;0.11;0.3;0.09
7;106;0.16;0.2;0.06
7;107;0.14;0.29;0.08
7;108;0.13;0.26;0.07
7;109;0.15;0.34;0.09
7;110;0.12;0.29;0.07
7;111;0.12;0.33;0.07
7;112;0.11;0.36;0.09
7;113;0.15;0.35;0.06
7;114;0.17;0.41;0.07
7;115;0.17;0.29;0.06
7;116;0.16;0.33;0.07
7;117;0.21;0.24;0.06
7;118;0.17;0.34;0.07
7;119;0.11;0.3;0.1
7;120;0.12;0.3;0.07
7;121;0.12;0.23;0.07
7;122;0.14;0.4;0.08
7;123;0.11;0.35;0.07
7;124;0.12;0.37;0.07
7;125;0.17;0.45;0.1
7;126;0.14;0.31;0.07
7;127;0.13;0.4;0.07
7;128;0.16;0.37;0.07
7;129;0.13;0.33;0.07
7;130;0.24;0.3;0.08
7;131;0.12;0.32;0.07
7;132;0.12;0.44;0.08
7;133;0.17;0.32;0.07
7;134;0.19;0.3;0.07
7;135;0.14;0.31;0.07
7;136;0.13;0.28;0.07
7;137;0.16;0.22;0.08
7;138;0.12;0.33;0.07
7;139;0.17;0.35;0.09
7;140;0.16;0.32;0.08
7;141;0.15;0.36;0.07
7;142;0.14;0.37;0.08
7;143;0.12;0.32;0.07
7;144;0.17;0.29;0.08
7;145;0.11;0.32;0.07
7;146;0.11;0.43;0.08
7;147;0.17;0.35;0.07
7;148;0.16;0.31;0.06
7;149;0.14;0.29;0.08
7;150;0.13;0.34;0.06
7;151;0.16;0.35;0.07
7;152;0.15;0.38;0.06
7;153;0.15;0.35;0.06
7;154;0.18;0.34;0.09
7;155;0.16;0.41;0.08
7;156;0.15;0.26;0.07
7;157;0.15;0.43;0.07
7;158;0.15;0.35;0.06
7;159;0.13;0.3;0.07
7;160;0.15;0.31;0.08
7;161;0.12;0.33;0.07
7;162;0.25;0.32;0.09
7;163;0.16;0.36;0.07
7;164;0.16;0.36;0.07
7;165;0.15;0.24;0.06
7;166;0.15;0.33;0.11
7;167;0.17;0.38;0.08
7;168;0.15;0.29;0.07
7;169;0.14;0.31;0.06
7;170;0.18;0.34;0.07
7;171;0.17;0.36;0.07
7;172;0.13;0.34;0.07
7;173;0.22;0.39;0.07
7;174;0.16;0.25;0.08
7;175;0.2;0.31;0.07
7;176;0.2;0.39;0.06
7;177;0.14;0.26;0.07
7;178;0.2;0.4;0.07
7;179;0.14;0.33;0.07
7;180;0.13;0.32;0.08
7;181;0.12;0.38;0.1
7;182;0.14;0.31;0.07
7;183;0.19;0.35;0.07
7;184;0.12;0.4;0.09
7;185;0.18;0.37;0.07
7;186;0.12;0.36;0.07
7;187;0.14;0.38;0.08
7;188;0.13;0.31;0.09
7;189;0.18;0.29;0.08
7;190;0.14;0.36;0.08
7;191;0.12;0.35;0.07
7;192;0.15;0.31;0.07
7;193;0.11;0.37;0.09
7;194;0.14;0.32;0.07
7;195;0.12;0.4;0.08
7;196;0.14;0.27;0.07
7;197;0.14;0.29;0.07
7;198;0.1;0.44;0.08
7;199;0.11;0.27;0.07
7;200;0.16;0.29;0.06
7;201;0.13;0.28;0.07
7;202;0.16;0.36;0.1
7;203;0.17;0.28;0.07
7;204;0.12;0.35;0.07
7;205;0.13;0.31;0.07
7;206;0.16;0.42;0.08
7;207;0.18;0.33;0.06
7;208;0.12;0.39;0.09
7;209;0.11;0.33;0.07
7;210;0.15;0.28;0.08
7;211;0.17;0.4;0.06
7;212;0.14;0.36;0.08
7;213;0.17;0.4;0.09
7;214;0.14;0.36;0.09
7;215;0.16;0.33;0.08
7;216;0.12;0.32;0.07
7;217;0.09;0.37;0.09
7;218;0.11;0.42;0.08
7;219;0.16;0.38;0.09
7;220;0.12;0.3;0.08
7;221;0.18;0.42;0.1
7;222;0.18;0.38;0.06
7;223;0.11;0.28;0.08
7;224;0.1;0.36;0.09
7;225;0.15;0.35;0.07
7;226;0.19;0.26;0.09
7;227;0.15;0.31;0.06
7;228;0.1;0.39;0.06
7;229;0.14;0.3;0.08
7;230;0.12;0.26;0.07
7;231;0.16;0.38;0.07
7;232;0.17;0.4;0.08
7;233;0.14;0.25;0.08
7;234;0.16;0.36;0.06
7;235;0.17;0.27;0.06
7;236;0.11;0.31;0.06
7;237;0.14;0.31;0.06
7;238;0.22;0.36;0.07
7;239;0.15;0.33;0.06
7;240;0.18;0.33;0.08
7;241;0.19;0.39;0.07
7;242;0.18;0.29;0.06
7;243;0.15;0.33;0.07
7;244;0.12;0.36;0.07
7;245;0.13;0.33;0.08
7;246;0.21;0.3;0.07
7;247;0.16;0.3;0.07
7;248;0.2;0.37;0.08
7;249;0.15;0.24;0.08
7;250;0.14;0.32;0.06
7;251;0.12;0.3;0.06
7;252;0.16;0.3;0.07
7;253;0.12;0.27;0.07
7;254;0.18;0.34;0.08
7;255;0.13;0.24;0.07
7;256;0.11;0.34;0.07
7;257;0.12;0.34;0.08
7;258;0.16;0.3;0.07
7;259;0.12;0.27;0.07
7;260;0.13;0.24;0.07
7;261;0.1;0.37;0.09
7;262;0.14;0.34;0.07
7;263;0.18;0.35;0.08
7;264;0.14;0.37;0.07
7;265;0.12;0.27;0.06
7;266;0.16;0.34;0.08
7;267;0.17;0.42;0.06
7;268;0.14;0.36;0.07
7;269;0.09;0.39;0.07
7;270;0.15;0.28;0.07
7;271;0.15;0.32;0.07
7;272;0.12;0.33;0.06
7;273;0.21;0.37;0.09
7;274;0.13;0.35;0.07
7;275;0.19;0.36;0.08
7;276;0.19;0.34;0.09
7;277;0.13;0.31;0.06
7;278;0.13;0.32;0.07
7;279;0.16;0.36;0.09
7;280;0.12;0.36;0.07
7;281;0.21;0.27;0.06
7;282;0.14;0.35;0.08
7;283;0.13;0.29;0.09
7;284;0.12;0.41;0.08
7;285;0.12;0.29;0.07
7;286;0.14;0.32;0.08
7;287;0.16;0.31;0.08
7;288;0.14;0.36;0.08
7;289;0.12;0.34;0.08
7;290;0.15;0.3;0.07
7;291;0.14;0.34;0.07
7;292;0.13;0.32;0.06
7;293;0.15;0.31;0.06
7;294;0.12;0.39;0.08
7;295;0.22;0.4;0.1
7;296;0.14;0.32;0.08
7;297;0.18;0.28;0.09
7;298;0.13;0.32;0.07
7;299;0.15;0.36;0.08
8;0;0.12;0.24;0.07
8;1;0.13;0.32;0.05
8;2;0.12;0.24;0.06
8;3;0.12;0.31;0.05
8;4;0.12;0.25;0.05
8;5;0.08;0.3;0.06
8;6;0.12;0.23;0.05
8;7;0.13;0.29;0.06
8;8;0.18;0.18;0.05
8;9;0.16;0.24;0.06
8;10;0.15;0.24;0.06
8;11;0.14;0.15;0.05
8;12;0.15;0.23;0.06
8;13;0.14;0.28;0.06
8;14;0.2;0.26;0.05
8;15;0.17;0.29;0.07
8;16;0.22;0.23;0.06
8;17;0.09;0.24;0.06
8;18;0.15;0.34;0.06
8;19;0.12;0.27;0.06
8;20;0.11;0.31;0.07
8;21;0.1;0.19;0.05
8;22;0.1;0.2;0.05
8;23;0.09;0.27;0.05
8;24;0.13;0.18;0.06
8;25;0.09;0.2;0.06
8;26;0.22;0.25;0.06
8;27;0.17;0.22;0.06
8;28;0.2;0.36;0.05
8;29;0.16;0.29;0.06
8;30;0.25;0.26;0.06
8;31;0.17;0.22;0.07
8;32;0.17;0.28;0.06
8;33;0.12;0.18;0.06
8;34;0.12;0.4;0.06
8;35;0.13;0.22;0.06
8;36;0.09;0.26;0.06
8;37;0.08;0.18;0.04
8;38;0.1;0.25;0.07
8;39;0.12;0.27;0.06
8;40;0.14;0.18;0.06
8;41;0.16;0.27;0.05
8;42;0.14;0.19;0.05
8;43;0.16;0.18;0.05
8;44;0.16;0.38;0.06
8;45;0.12;0.22;0.05
8;46;0.14;0.27;0.05
8;47;0.14;0.26;0.06
8;48;0.13;0.33;0.04
8;49;0.18;0.19;0.05
8;50;0.13;0.33;0.05
8;51;0.11;0.22;0.06
8;52;0.17;0.34;0.05
8;53;0.23;0.31;0.05
8;54;0.12;0.19;0.06
8;55;0.16;0.19;0.06
8;56;0.13;0.28;0.05
8;57;0.12;0.28;0.05
8;58;0.18;0.18;0.05
8;59;0.1;0.2;0.06
8;60;0.11;0.35;0.07
8;61;0.11;0.26;0.05
8;62;0.19;0.24;0.05
8;63;0.09;0.32;0.05
8;64;0.15;0.32;0.07
8;65;0.16;0.23;0.06
8;66;0.09;0.3;0.05
8;67;0.1;0.3;0.06
8;68;0.14;0.17;0.06
8;69;0.16;0.18;0.06
8;70;0.18;0.21;0.06
8;71;0.14;0.33;0.05
8;72;0.12;0.29;0.07
8;73;0.12;0.31;0.06
8;74;0.14;0.26;0.06
8;75;0.18;0.27;0.06
8;76;0.14;0.25;0.05
8;77;0.13;0.16;0.05
8;78;0.09;0.27;0.05
8;79;0.14;0.25;0.06
8;80;0.18;0.18;0.04
8;81;0.13;0.16;0.06
8;82;0.11;0.25;0.06
8;83;0.18;0.21;0.05
8;84;0.11;0.34;0.06
8;85;0.17;0.32;0.05
8;86;0.15;0.24;0.05
8;87;0.11;0.29;0.05
8;88;0.09;0.28;0.05
8;89;0.16;0.28;0.06
8;90;0.2;0.23;0.06
8;91;0.2;0.22;0.06
8;92;0.11;0.28;0.05
8;93;0.13;0.23;0.06
8;94;0.17;0.24;0.07
8;95;0.19;0.22;0.06
8;96;0.13;0.22;0.06
8;97;0.07;0.21;0.04
8;98;0.11;0.27;0.05
8;99;0.18;0.24;0.05
8;100;0.14;0.26;0.07
8;101;0.12;0.25;0.05
8;102;0.15;0.16;0.05
8;103;0.13;0.24;0.05
8;104;0.11;0.29;0.07
8;105;0.17;0.29;0.05
8;106;0.15;0.31;0.07
8;107;0.16;0.29;0.06
8;108;0.15;0.29;0.06
8;109;0.1;0.29;0.05
8;110;0.12;0.15;0.06
8;111;0.18;0.33;0.06
8;112;0.14;0.32;0.05
8;113;0.11;0.23;0.06
8;114;0.09;0.25;0.06
8;115;0.14;0.28;0.06
8;116;0.11;0.23;0.05
8;117;0.14;0.29;0.06
8;118;0.12;0.25;0.06
8;119;0.13;0.37;0.05
8;120;0.13;0.32;0.06
8;121;0.12;0.28;0.05
8;122;0.15;0.29;0.08
8;123;0.16;0.26;0.06
8;124;0.13;0.3;0.05
8;125;0.1;0.34;0.05
8;126;0.14;0.22;0.05
8;127;0.09;0.21;0.05
8;128;0.17;0.3;0.06
8;129;0.19;0.23;0.05
8;130;0.14;0.21;0.06
8;131;0.2;0.27;0.07
8;132;0.09;0.28;0.06
8;133;0.15;0.28;0.06
8;134;0.14;0.31;0.05
8;135;0.11;0.33;0.06
8;136;0.15;0.32;0.05
8;137;0.12;0.25;0.05
8;138;0.19;0.25;0.06
8;139;0.13;0.32;0.05
8;140;0.13;0.27;0.06
8;141;0.09;0.27;0.06
8;142;0.17;0.24;0.05
8;143;0.22;0.25;0.06
8;144;0.14;0.23;0.06
8;145;0.15;0.22;0.05
8;146;0.17;0.24;0.05
8;147;0.12;0.2;0.06
8;148;0.1;0.27;0.06
8;149;0.17;0.31;0.05
8;150;0.09;0.34;0.05
8;151;0.14;0.35;0.06
8;152;0.09;0.29;0.06
8;153;0.15;0.28;0.06
8;154;0.11;0.11;0.06
8;155;0.15;0.26;0.07
8;156;0.13;0.3;0.07
8;157;0.1;0.25;0.06
8;158;0.15;0.31;0.05
8;159;0.13;0.27;0.05
8;160;0.24;0.27;0.07
8;161;0.13;0.25;0.05
8;162;0.11;0.3;0.05
8;163;0.16;0.28;0.07
8;164;0.14;0.24;0.07
8;165;0.18;0.18;0.06
8;166;0.1;0.19;0.05
8;167;0.16;0.25;0.07
8;168;0.12;0.2;0.06
8;169;0.14;0.28;0.06
8;170;0.12;0.25;0.05
8;171;0.15;0.23;0.05
8;172;0.1;0.26;0.05
8;173;0.12;0.23;0.06
8;174;0.17;0.23;0.07
8;175;0.12;0.31;0.06
8;176;0.18;0.23;0.06
8;177;0.12;0.26;0.05
8;178;0.23;0.33;0.05
8;179;0.13;0.2;0.05
8;180;0.13;0.26;0.07
8;181;0.12;0.28;0.05
8;182;0.11;0.22;0.07
8;183;0.17;0.29;0.06
8;184;0.13;0.3;0.06
8;185;0.14;0.21;0.05
8;186;0.11;0.35;0.05
8;187;0.16;0.28;0.06
8;188;0.22;0.23;0.05
8;189;0.17;0.24;0.06
8;190;0.13;0.23;0.05
8;191;0.14;0.27;0.08
8;192;0.13;0.41;0.06
8;193;0.1;0.31;0.06
8;194;0.14;0.19;0.05
8;195;0.21;0.2;0.06
8;196;0.16;0.22;0.07
8;197;0.24;0.25;0.05
8;198;0.1;0.37;0.06
8;199;0.12;0.26;0.06
8;200;0.21;0.24;0.05
8;201;0.12;0.2;0.06
8;202;0.19;0.23;0.06
8;203;0.15;0.32;0.05
8;204;0.14;0.25;0.06
8;205;0.17;0.19;0.07
8;206;0.13;0.21;0.05
8;207;0.09;0.32;0.05
8;208;0.13;0.3;0.06
8;209;0.19;0.27;0.06
8;210;0.11;0.24;0.07
8;211;0.13;0.27;0.06
8;212;0.16;0.29;0.06
8;213;0.16;0.19;0.06
8;214;0.18;0.24;0.06
8;215;0.11;0.22;0.05
8;216;0.09;0.24;0.05
8;217;0.11;0.28;0.06
8;218;0.16;0.24;0.06
8;219;0.09;0.2;0.06
8;220;0.22;0.31;0.06
8;221;0.11;0.28;0.06
8;222;0.12;0.26;0.05
8;223;0.13;0.25;0.06
8;224;0.27;0.28;0.06
8;225;0.15;0.15;0.05
8;226;0.13;0.25;0.06
8;227;0.13;0.29;0.06
8;228;0.13;0.25;0.06
8;229;0.2;0.25;0.05
8;230;0.13;0.26;0.06
8;231;0.14;0.27;0.05
8;232;0.19;0.2;0.05
8;233;0.12;0.28;0.05
8;234;0.21;0.21;0.07
8;235;0.12;0.24;0.05
8;236;0.12;0.27;0.06
8;237;0.1;0.32;0.06
8;238;0.15;0.26;0.06
8;239;0.11;0.24;0.05
8;240;0.13;0.18;0.06
8;241;0.13;0.28;0.06
8;242;0.13;0.25;0.06
8;243;0.15;0.26;0.06
8;244;0.13;0.16;0.07
8;245;0.18;0.32;0.06
8;246;0.23;0.27;0.05
8;247;0.21;0.21;0.06
8;248;0.13;0.33;0.07
8;249;0.11;0.22;0.05
8;250;0.13;0.29;0.07
8;251;0.11;0.27;0.06
8;252;0.16;0.33;0.06
8;253;0.14;0.26;0.07
8;254;0.16;0.26;0.06
8;255;0.24;0.32;0.06
8;256;0.15;0.27;0.05
8;257;0.18;0.34;0.05
8;258;0.11;0.24;0.07
8;259;0.14;0.26;0.06
8;260;0.13;0.23;0.05
8;261;0.19;0.33;0.06
8;262;0.13;0.3;0.05
8;263;0.16;0.19;0.05
8;264;0.14;0.15;0.06
8;265;0.13;0.41;0.05
8;266;0.15;0.24;0.05
8;267;0.13;0.22;0.07
8;268;0.12;0.27;0.06
8;269;0.11;0.21;0.06
8;270;0.17;0.22;0.06
8;271;0.19;0.28;0.07
8;272;0.14;0.25;0.06
8;273;0.19;0.29;0.06
8;274;0.16;0.31;0.06
8;275;0.1;0.2;0.07
8;276;0.16;0.28;0.05
8;277;0.16;0.25;0.05
8;278;0.14;0.25;0.05
8;279;0.12;0.31;0.05
8;280;0.17;0.25;0.06
8;281;0.13;0.24;0.05
8;282;0.14;0.31;0.06
8;283;0.1;0.25;0.06
8;284;0.11;0.27;0.06
8;285;0.12;0.22;0.05
8;286;0.15;0.2;0.06
8;287;0.1;0.3;0.06
8;288;0.21;0.3;0.07
8;289;0.13;0.2;0.06
8;290;0.12;0.26;0.05
8;291;0.2;0.27;0.06
8;292;0.17;0.32;0.05
8;293;0.14;0.21;0.06
8;294;0.17;0.18;0.06
8;295;0.09;0.23;0.05
8;296;0.15;0.3;0.06
8;297;0.14;0.28;0.06
8;298;0.17;0.33;0.06
8;299;0.1;0.32;0.06
9;0;0.15;0.17;0.05
9;1;0.16;0.2;0.05
9;2;0.12;0.12;0.04
9;3;0.23;0.24;0.04
9;4;0.18;0.18;0.05
9;5;0.11;0.24;0.04
9;6;0.1;0.25;0.05
9;7;0.16;0.16;0.04
9;8;0.12;0.19;0.06
9;9;0.1;0.16;0.05
9;10;0.12;0.25;0.04
9;11;0.08;0.24;0.05
9;12;0.14;0.24;0.05
9;13;0.14;0.19;0.04
9;14;0.12;0.27;0.04
9;15;0.17;0.21;0.05
9;16;0.17;0.18;0.05
9;17;0.15;0.2;0.06
9;18;0.11;0.12;0.04
9;19;0.15;0.15;0.04
9;20;0.16;0.16;0.04
9;21;0.14;0.24;0.06
9;22;0.09;0.22;0.05
9;23;0.07;0.18;0.05
9;24;0.18;0.25;0.04
9;25;0.11;0.25;0.04
9;26;0.17;0.17;0.04
9;27;0.13;0.22;0.04
9;28;0.11;0.18;0.04
9;29;0.13;0.19;0.04
9;30;0.1;0.25;0.04
9;31;0.14;0.17;0.04
9;32;0.14;0.2;0.04
9;33;0.15;0.15;0.05
9;34;0.08;0.22;0.04
9;35;0.13;0.22;0.04
9;36;0.1;0.11;0.04
9;37;0.19;0.2;0.04
9;38;0.14;0.18;0.04
9;39;0.12;0.24;0.05
9;40;0.15;0.17;0.05
9;41;0.14;0.18;0.04
9;42;0.12;0.2;0.05
9;43;0.13;0.25;0.06
9;44;0.09;0.31;0.04
9;45;0.1;0.19;0.04
9;46;0.11;0.26;0.04
9;47;0.15;0.15;0.06
9;48;0.15;0.16;0.05
9;49;0.11;0.12;0.04
9;50;0.17;0.2;0.05
9;51;0.17;0.2;0.06
9;52;0.1;0.18;0.05
9;53;0.15;0.22;0.05
9;54;0.15;0.16;0.04
9;55;0.08;0.2;0.05
9;56;0.15;0.18;0.05
9;57;0.17;0.24;0.04
9;58;0.17;0.26;0.04
9;59;0.14;0.15;0.04
9;60;0.11;0.16;0.04
9;61;0.11;0.13;0.05
9;62;0.15;0.19;0.05
9;63;0.11;0.17;0.05
9;64;0.13;0.18;0.04
9;65;0.1;0.14;0.04
9;66;0.09;0.16;0.05
9;67;0.19;0.25;0.05
9;68;0.13;0.2;0.04
9;69;0.12;0.14;0.05
9;70;0.2;0.22;0.04
9;71;0.16;0.2;0.04
9;72;0.17;0.18;0.05
9;73;0.14;0.14;0.05
9;74;0.15;0.18;0.06
9;75;0.09;0.2;0.05
9;76;0.1;0.25;0.04
9;77;0.15;0.19;0.04
9;78;0.14;0.17;0.03
9;79;0.1;0.1;0.04
9;80;0.09;0.21;0.04
9;81;0.12;0.13;0.04
9;82;0.08;0.17;0.04
9;83;0.11;0.23;0.04
9;84;0.13;0.21;0.05
9;85;0.11;0.17;0.04
9;86;0.16;0.2;0.04
9;87;0.08;0.21;0.04
9;88;0.18;0.18;0.04
9;89;0.12;0.27;0.05
9;90;0.1;0.19;0.04
9;91;0.09;0.23;0.05
9;92;0.17;0.18;0.04
9;93;0.11;0.19;0.04
9;94;0.1;0.12;0.04
9;95;0.18;0.19;0.06
9;96;0.12;0.21;0.05
9;97;0.09;0.2;0.04
9;98;0.16;0.2;0.05
9;99;0.19;0.22;0.04
9;100;0.13;0.21;0.04
9;101;0.08;0.16;0.04
9;102;0.12;0.12;0.05
9;103;0.11;0.2;0.05
9;104;0.11;0.16;0.06
9;105;0.16;0.22;0.06
9;106;0.17;0.2;0.06
9;107;0.09;0.14;0.04
9;108;0.11;0.19;0.03
9;109;0.12;0.26;0.07
9;110;0.14;0.17;0.04
9;111;0.07;0.2;0.04
9;112;0.13;0.24;0.04
9;113;0.09;0.22;0.04
9;114;0.11;0.28;0.04
9;115;0.16;0.16;0.04
9;116;0.15;0.23;0.04
9;117;0.12;0.25;0.05
9;118;0.13;0.13;0.05
9;119;0.14;0.17;0.04
9;120;0.11;0.11;0.05
9;121;0.11;0.19;0.05
9;122;0.12;0.17;0.04
9;123;0.16;0.21;0.05
9;124;0.19;0.2;0.05
9;125;0.12;0.19;0.04
9;126;0.13;0.23;0.04
9;127;0.09;0.18;0.04
9;128;0.13;0.21;0.04
9;129;0.16;0.23;0.06
9;130;0.1;0.19;0.04
9;131;0.15;0.16;0.06
9;132;0.15;0.15;0.04
9;133;0.11;0.11;0.04
9;134;0.13;0.3;0.05
9;135;0.13;0.3;0.05
9;136;0.14;0.19;0.06
9;137;0.1;0.19;0.05
9;138;0.13;0.16;0.05
9;139;0.13;0.23;0.05
9;140;0.14;0.15;0.04
9;141;0.12;0.22;0.05
9;142;0.11;0.23;0.05
9;143;0.12;0.13;0.05
9;144;0.12;0.22;0.04
9;145;0.11;0.17;0.04
9;146;0.11;0.18;0.04
9;147;0.09;0.18;0.04
9;148;0.08;0.18;0.05
9;149;0.13;0.13;0.05
9;150;0.13;0.16;0.05
9;151;0.14;0.2;0.06
9;152;0.11;0.21;0.04
9;153;0.13;0.18;0.04
9;154;0.09;0.16;0.04
9;155;0.14;0.14;0.06
9;156;0.13;0.18;0.04
9;157;0.15;0.25;0.04
9;158;0.13;0.13;0.04
9;159;0.15;0.15;0.05
9;160;0.12;0.17;0.05
9;161;0.12;0.16;0.04
9;162;0.14;0.2;0.05
9;163;0.15;0.15;0.05
9;164;0.09;0.19;0.05
9;165;0.13;0.15;0.05
9;166;0.18;0.22;0.05
9;167;0.12;0.12;0.04
9;168;0.11;0.11;0.04
9;169;0.16;0.2;0.06
9;170;0.09;0.17;0.05
9;171;0.14;0.29;0.05
9;172;0.12;0.19;0.04
9;173;0.13;0.13;0.04
9;174;0.12;0.15;0.04
9;175;0.12;0.22;0.05
9;176;0.11;0.12;0.04
9;177;0.15;0.15;0.06
9;178;0.13;0.22;0.05
9;179;0.12;0.19;0.04
9;180;0.11;0.13;0.04
9;181;0.15;0.16;0.04
9;182;0.15;0.2;0.03
9;183;0.08;0.19;0.04
9;184;0.11;0.11;0.05
9;185;0.13;0.16;0.05
9;186;0.13;0.15;0.04
9;187;0.18;0.18;0.05
9;188;0.14;0.15;0.04
9;189;0.1;0.18;0.04
9;190;0.12;0.25;0.05
9;191;0.14;0.18;0.05
9;192;0.15;0.16;0.05
9;193;0.13;0.23;0.05
9;194;0.15;0.16;0.06
9;195;0.13;0.2;0.04
9;196;0.12;0.13;0.04
9;197;0.14;0.15;0.05
9;198;0.12;0.12;0.05
9;199;0.11;0.27;0.05
9;200;0.14;0.2;0.04
9;201;0.16;0.16;0.05
9;202;0.15;0.27;0.05
9;203;0.14;0.23;0.06
9;204;0.15;0.25;0.04
9;205;0.1;0.23;0.06
9;206;0.13;0.18;0.05
9;207;0.09;0.16;0.05
9;208;0.18;0.19;0.05
9;209;0.16;0.16;0.05
9;210;0.14;0.14;0.04
9;211;0.1;0.14;0.05
9;212;0.13;0.18;0.04
9;213;0.13;0.14;0.04
9;214;0.14;0.26;0.04
9;215;0.13;0.3;0.04
9;216;0.14;0.2;0.05
9;217;0.13;0.22;0.05
9;218;0.19;0.2;0.05
9;219;0.1;0.27;0.04
9;220;0.14;0.14;0.05
9;221;0.11;0.18;0.04
9;222;0.08;0.21;0.05
9;223;0.18;0.19;0.05
9;224;0.13;0.16;0.05
9;225;0.08;0.18;0.05
9;226;0.11;0.27;0.06
9;227;0.15;0.16;0.05
9;228;0.1;0.24;0.04
9;229;0.11;0.25;0.05
9;230;0.14;0.18;0.05
9;231;0.17;0.18;0.05
9;232;0.11;0.24;0.06
9;233;0.1;0.2;0.05
9;234;0.18;0.2;0.05
9;235;0.11;0.12;0.04
9;236;0.14;0.16;0.06
9;237;0.16;0.16;0.05
9;238;0.14;0.18;0.05
9;239;0.14;0.21;0.05
9;240;0.18;0.31;0.04
9;241;0.08;0.23;0.04
9;242;0.19;0.25;0.06
9;243;0.16;0.16;0.05
9;244;0.16;0.25;0.05
9;245;0.13;0.18;0.05
9;246;0.09;0.15;0.04
9;247;0.16;0.17;0.05
9;248;0.19;0.19;0.06
9;249;0.15;0.2;0.05
9;250;0.16;0.27;0.04
9;251;0.13;0.14;0.05
9;252;0.12;0.19;0.04
9;253;0.13;0.24;0.06
9;254;0.1;0.23;0.05
9;255;0.09;0.21;0.04
9;256;0.11;0.18;0.04
9;257;0.11;0.17;0.05
9;258;0.12;0.17;0.04
9;259;0.11;0.18;0.05
9;260;0.14;0.14;0.04
9;261;0.16;0.31;0.05
9;262;0.12;0.2;0.04
9;263;0.1;0.29;0.05
9;264;0.11;0.17;0.04
9;265;0.09;0.1;0.04
9;266;0.16;0.23;0.05
9;267;0.12;0.21;0.04
9;268;0.11;0.21;0.04
9;269;0.11;0.12;0.04
9;270;0.16;0.17;0.04
9;271;0.14;0.23;0.04
9;272;0.11;0.18;0.04
9;273;0.17;0.2;0.04
9;274;0.12;0.12;0.05
9;275;0.13;0.18;0.05
9;276;0.16;0.23;0.05
9;277;0.15;0.15;0.05
9;278;0.2;0.23;0.05
9;279;0.08;0.14;0.05
9;280;0.09;0.19;0.05
9;281;0.13;0.23;0.06
9;282;0.12;0.13;0.04
9;283;0.15;0.2;0.06
9;284;0.16;0.17;0.04
9;285;0.11;0.15;0.05
9;286;0.16;0.22;0.05
9;287;0.16;0.16;0.05
9;288;0.13;0.13;0.03
9;289;0.09;0.31;0.03
9;290;0.13;0.13;0.04
9;291;0.14;0.16;0.05
9;292;0.15;0.16;0.04
9;293;0.1;0.25;0.05
9;294;0.13;0.26;0.04
9;295;0.14;0.27;0.05
9;296;0.1;0.23;0.06
9;297;0.12;0.25;0.04
9;298;0.1;0.18;0.05
9;299;0.14;0.17;0.05
10;0;0.11;0.11;0.04
10;1;0.13;0.17;0.04
10;2;0.11;0.11;0.04
10;3;0.08;0.22;0.04
10;4;0.12;0.14;0.04
10;5;0.11;0.18;0.03
10;6;0.12;0.12;0.04
10;7;0.11;0.11;0.05
10;8;0.08;0.08;0.04
10;9;0.09;0.23;0.04
10;10;0.12;0.13;0.04
10;11;0.13;0.13;0.04
10;12;0.09;0.1;0.03
10;13;0.13;0.13;0.04
10;14;0.09;0.1;0.04
10;15;0.13;0.13;0.04
10;16;0.1;0.1;0.03
10;17;0.16;0.2;0.04
10;18;0.12;0.19;0.04
10;19;0.13;0.15;0.05
10;20;0.12;0.12;0.04
10;21;0.08;0.14;0.03
10;22;0.11;0.13;0.04
10;23;0.11;0.11;0.04
10;24;0.08;0.09;0.04
10;25;0.11;0.11;0.04
10;26;0.13;0.14;0.04
10;27;0.11;0.11;0.04
10;28;0.14;0.15;0.04
10;29;0.13;0.13;0.04
10;30;0.12;0.12;0.04
10;31;0.15;0.15;0.04
10;32;0.1;0.1;0.05
10;33;0.11;0.12;0.05
10;34;0.11;0.13;0.04
10;35;0.11;0.16;0.04
10;36;0.09;0.12;0.03
10;37;0.08;0.1;0.04
10;38;0.09;0.12;0.03
10;39;0.11;0.11;0.03
10;40;0.11;0.2;0.04
10;41;0.1;0.18;0.03
10;42;0.1;0.19;0.04
10;43;0.07;0.14;0.04
10;44;0.1;0.15;0.03
10;45;0.12;0.12;0.03
10;46;0.18;0.18;0.04
10;47;0.12;0.12;0.04
10;48;0.1;0.11;0.03
10;49;0.13;0.14;0.04
10;50;0.14;0.18;0.03
10;51;0.09;0.15;0.04
10;52;0.14;0.16;0.04
10;53;0.1;0.1;0.04
10;54;0.12;0.12;0.04
10;55;0.17;0.18;0.03
10;56;0.15;0.15;0.04
10;57;0.09;0.17;0.04
10;58;0.11;0.12;0.04
10;59;0.1;0.1;0.04
10;60;0.11;0.21;0.03
10;61;0.09;0.16;0.04
10;62;0.11;0.11;0.04
10;63;0.09;0.14;0.04
10;64;0.13;0.14;0.04
10;65;0.11;0.18;0.03
10;66;0.14;0.14;0.04
10;67;0.13;0.2;0.04
10;68;0.12;0.12;0.05
10;69;0.1;0.1;0.04
10;70;0.1;0.11;0.03
10;71;0.14;0.15;0.04
10;72;0.12;0.12;0.03
10;73;0.14;0.14;0.06
10;74;0.12;0.13;0.04
10;75;0.13;0.14;0.03
10;76;0.14;0.19;0.05
10;77;0.1;0.1;0.04
10;78;0.11;0.11;0.04
10;79;0.08;0.12;0.04
10;80;0.13;0.14;0.04
10;81;0.07;0.18;0.03
10;82;0.11;0.12;0.04
10;83;0.15;0.24;0.04
10;84;0.09;0.09;0.03
10;85;0.08;0.08;0.04
10;86;0.12;0.17;0.04
10;87;0.06;0.14;0.03
10;88;0.13;0.13;0.05
10;89;0.08;0.08;0.03
10;90;0.11;0.13;0.04
10;91;0.12;0.13;0.04
10;92;0.12;0.12;0.05
10;93;0.12;0.12;0.04
10;94;0.13;0.14;0.03
10;95;0.13;0.13;0.03
10;96;0.1;0.1;0.04
10;97;0.13;0.13;0.04
10;98;0.12;0.12;0.03
10;99;0.11;0.16;0.04
10;100;0.08;0.11;0.05
10;101;0.11;0.14;0.04
10;102;0.1;0.1;0.04
10;103;0.09;0.09;0.04
10;104;0.11;0.11;0.03
10;105;0.11;0.25;0.04
10;106;0.11;0.11;0.04
10;107;0.11;0.11;0.03
10;108;0.14;0.14;0.03
10;109;0.1;0.11;0.05
10;110;0.08;0.09;0.05
10;111;0.13;0.13;0.04
10;112;0.13;0.14;0.03
10;113;0.09;0.1;0.03
10;114;0.09;0.1;0.04
10;115;0.11;0.11;0.04
10;116;0.11;0.11;0.05
10;117;0.1;0.11;0.04
10;118;0.13;0.13;0.04
10;119;0.13;0.13;0.04
10;120;0.11;0.11;0.04
10;121;0.12;0.15;0.04
10;122;0.1;0.1;0.04
10;123;0.11;0.11;0.04
10;124;0.1;0.2;0.04
10;125;0.09;0.14;0.03
10;126;0.13;0.13;0.03
10;127;0.12;0.12;0.04
10;128;0.15;0.15;0.03
10;129;0.09;0.11;0.04
10;130;0.1;0.14;0.04
10;131;0.1;0.14;0.04
10;132;0.16;0.16;0.04
10;133;0.11;0.12;0.03
10;134;0.09;0.11;0.04
10;135;0.15;0.15;0.05
10;136;0.11;0.15;0.03
10;137;0.12;0.12;0.04
10;138;0.13;0.13;0.03
10;139;0.1;0.11;0.04
10;140;0.09;0.09;0.04
10;141;0.13;0.13;0.05
10;142;0.09;0.09;0.04
10;143;0.12;0.12;0.05
10;144;0.12;0.13;0.03
10;145;0.1;0.1;0.05
10;146;0.13;0.13;0.04
10;147;0.1;0.1;0.04
10;148;0.12;0.12;0.04
10;149;0.1;0.12;0.04
10;150;0.12;0.12;0.03
10;151;0.09;0.13;0.03
10;152;0.11;0.11;0.04
10;153;0.09;0.09;0.04
10;154;0.15;0.15;0.04
10;155;0.1;0.1;0.03
10;156;0.11;0.11;0.04
10;157;0.09;0.15;0.04
10;158;0.11;0.18;0.04
10;159;0.09;0.11;0.05
10;160;0.11;0.11;0.04
10;161;0.11;0.11;0.04
10;162;0.16;0.16;0.04
10;163;0.09;0.09;0.03
10;164;0.15;0.16;0.04
10;165;0.1;0.12;0.05
10;166;0.11;0.11;0.03
10;167;0.12;0.15;0.04
10;168;0.13;0.27;0.05
10;169;0.1;0.1;0.04
10;170;0.11;0.11;0.05
10;171;0.11;0.16;0.04
10;172;0.12;0.13;0.05
10;173;0.09;0.09;0.04
10;174;0.1;0.14;0.05
10;175;0.11;0.11;0.03
10;176;0.12;0.12;0.04
10;177;0.13;0.13;0.04
10;178;0.13;0.13;0.04
10;179;0.1;0.1;0.04
10;180;0.11;0.11;0.04
10;181;0.14;0.14;0.04
10;182;0.1;0.17;0.04
10;183;0.12;0.12;0.04
10;184;0.1;0.1;0.04
10;185;0.15;0.16;0.04
10;186;0.12;0.12;0.04
10;187;0.15;0.18;0.04
10;188;0.1;0.12;0.03
10;189;0.13;0.14;0.05
10;190;0.11;0.13;0.04
10;191;0.15;0.16;0.04
10;192;0.1;0.14;0.04
10;193;0.11;0.11;0.05
10;194;0.09;0.13;0.04
10;195;0.1;0.1;0.03
10;196;0.11;0.15;0.03
10;197;0.12;0.12;0.04
10;198;0.12;0.13;0.04
10;199;0.1;0.11;0.04
10;200;0.11;0.2;0.03
10;201;0.12;0.13;0.04
10;202;0.08;0.19;0.04
10;203;0.1;0.1;0.04
10;204;0.12;0.16;0.04
10;205;0.13;0.13;0.03
10;206;0.12;0.13;0.04
10;207;0.09;0.19;0.04
10;208;0.12;0.13;0.03
10;209;0.1;0.19;0.05
10;210;0.12;0.12;0.04
10;211;0.18;0.19;0.04
10;212;0.15;0.17;0.04
10;213;0.11;0.11;0.03
10;214;0.14;0.15;0.03
10;215;0.11;0.11;0.04
10;216;0.09;0.09;0.03
10;217;0.1;0.1;0.03
10;218;0.09;0.13;0.04
10;219;0.09;0.17;0.03
10;220;0.08;0.18;0.03
10;221;0.14;0.15;0.04
10;222;0.09;0.1;0.03
10;223;0.08;0.08;0.03
10;224;0.15;0.2;0.04
10;225;0.12;0.12;0.03
10;226;0.15;0.17;0.05
10;227;0.1;0.16;0.03
10;228;0.11;0.14;0.04
10;229;0.13;0.14;0.04
10;230;0.12;0.19;0.04
10;231;0.12;0.12;0.04
10;232;0.13;0.13;0.04
10;233;0.12;0.13;0.03
10;234;0.08;0.11;0.04
10;235;0.16;0.23;0.04
10;236;0.1;0.1;0.03
10;237;0.11;0.14;0.03
10;238;0.14;0.16;0.05
10;239;0.13;0.14;0.05
10;240;0.1;0.1;0.03
10;241;0.09;0.19;0.05
10;242;0.11;0.11;0.03
10;243;0.17;0.22;0.04
10;244;0.14;0.14;0.03
10;245;0.13;0.2;0.04
10;246;0.08;0.08;0.04
10;247;0.1;0.1;0.03
10;248;0.07;0.18;0.04
10;249;0.12;0.12;0.04
10;250;0.12;0.2;0.04
10;251;0.08;0.18;0.04
10;252;0.11;0.16;0.04
10;253;0.11;0.11;0.04
10;254;0.1;0.1;0.04
10;255;0.09;0.14;0.03
10;256;0.12;0.24;0.03
10;257;0.09;0.15;0.04
10;258;0.1;0.1;0.03
10;259;0.11;0.12;0.04
10;260;0.09;0.16;0.03
10;261;0.08;0.08;0.03
10;262;0.1;0.11;0.04
10;263;0.15;0.15;0.03
10;264;0.12;0.12;0.04
10;265;0.09;0.1;0.04
10;266;0.11;0.11;0.04
10;267;0.12;0.14;0.03
10;268;0.07;0.13;0.04
10;269;0.1;0.11;0.02
10;270;0.09;0.12;0.04
10;271;0.12;0.12;0.04
10;272;0.13;0.13;0.05
10;273;0.09;0.16;0.05
10;274;0.09;0.11;0.04
10;275;0.15;0.15;0.05
10;276;0.09;0.14;0.03
10;277;0.1;0.1;0.05
10;278;0.1;0.13;0.03
10;279;0.14;0.14;0.04
10;280;0.1;0.1;0.04
10;281;0.11;0.12;0.03
10;282;0.17;0.17;0.05
10;283;0.13;0.19;0.04
10;284;0.07;0.07;0.03
10;285;0.11;0.19;0.06
10;286;0.13;0.13;0.04
10;287;0.16;0.18;0.04
10;288;0.09;0.09;0.03
10;289;0.12;0.16;0.04
10;290;0.09;0.09;0.04
10;291;0.08;0.08;0.03
10;292;0.1;0.1;0.04
10;293;0.09;0.09;0.04
10;294;0.15;0.15;0.04
10;295;0.15;0.16;0.03
10;296;0.14;0.14;0.04
10;297;0.1;0.15;0.04
10;298;0.08;0.09;0.03
10;299;0.12;0.16;0.04
